id,parent_id,level,name,slug
01,,1,Automotive,automotive
01.01,01,2,Motor & Kühlung,automotive/motor-und-kuehlung
01.01.01,01.01,3,Motorenteile,automotive/motor-und-kuehlung/motorenteile
01.01.02,01.01,3,Dichtungen & Simmerringe,automotive/motor-und-kuehlung/dichtungen-und-simmerringe
01.01.03,01.01,3,Zylinderkopf & Ventiltrieb,automotive/motor-und-kuehlung/zylinderkopf-und-ventiltrieb
01.01.04,01.01,3,Kühlung,automotive/motor-und-kuehlung/kuehlung
01.01.05,01.01,3,Thermostate,automotive/motor-und-kuehlung/thermostate
01.01.06,01.01,3,Wasserpumpen,automotive/motor-und-kuehlung/wasserpumpen
01.01.07,01.01,3,Ladeluftsystem,automotive/motor-und-kuehlung/ladeluftsystem
01.01.08,01.01,3,Turbolader,automotive/motor-und-kuehlung/turbolader
01.01.09,01.01,3,Motorlager,automotive/motor-und-kuehlung/motorlager
01.02,01,2,Bremsanlage,automotive/bremsanlage
01.02.01,01.02,3,Bremsbeläge,automotive/bremsanlage/bremsbelaege
01.02.02,01.02,3,Bremsscheiben,automotive/bremsanlage/bremsscheiben
01.02.03,01.02,3,Bremssättel,automotive/bremsanlage/bremssaettel
01.02.04,01.02,3,Bremsleitungen,automotive/bremsanlage/bremsleitungen
01.02.05,01.02,3,Bremszylinder,automotive/bremsanlage/bremszylinder
01.02.06,01.02,3,Bremskraftverstärker,automotive/bremsanlage/bremskraftverstaerker
01.02.07,01.02,3,ABS/ESP,automotive/bremsanlage/abs-esp
01.02.08,01.02,3,Verschleißsensoren,automotive/bremsanlage/verschleisssensoren
01.02.09,01.02,3,Bremszubehör,automotive/bremsanlage/bremszubehoer
01.03,01,2,Fahrwerk & Lenkung,automotive/fahrwerk-und-lenkung
01.03.01,01.03,3,Stoßdämpfer,automotive/fahrwerk-und-lenkung/stossdaempfer
01.03.02,01.03,3,Federn,automotive/fahrwerk-und-lenkung/federn
01.03.03,01.03,3,Querlenker,automotive/fahrwerk-und-lenkung/querlenker
01.03.04,01.03,3,Koppelstangen,automotive/fahrwerk-und-lenkung/koppelstangen
01.03.05,01.03,3,Radlager,automotive/fahrwerk-und-lenkung/radlager
01.03.06,01.03,3,Spurstangen,automotive/fahrwerk-und-lenkung/spurstangen
01.03.07,01.03,3,Lenkungsteile,automotive/fahrwerk-und-lenkung/lenkungsteile
01.03.08,01.03,3,Niveauregulierung,automotive/fahrwerk-und-lenkung/niveauregulierung
01.03.09,01.03,3,Luftfahrwerk,automotive/fahrwerk-und-lenkung/luftfahrwerk
01.04,01,2,Elektrik & Elektronik,automotive/elektrik-und-elektronik
01.04.01,01.04,3,Anlasser,automotive/elektrik-und-elektronik/anlasser
01.04.02,01.04,3,Lichtmaschine,automotive/elektrik-und-elektronik/lichtmaschine
01.04.03,01.04,3,Relais,automotive/elektrik-und-elektronik/relais
01.04.04,01.04,3,Sicherungen,automotive/elektrik-und-elektronik/sicherungen
01.04.05,01.04,3,Steuergeräte,automotive/elektrik-und-elektronik/steuergeraete
01.04.06,01.04,3,Sensoren,automotive/elektrik-und-elektronik/sensoren
01.04.07,01.04,3,Schalter,automotive/elektrik-und-elektronik/schalter
01.04.08,01.04,3,Kabel & Steckverbinder,automotive/elektrik-und-elektronik/kabel-und-steckverbinder
01.04.09,01.04,3,Diagnose,automotive/elektrik-und-elektronik/diagnose
01.05,01,2,Auspuffanlage,automotive/auspuffanlage
01.05.01,01.05,3,Abgaskrümmer,automotive/auspuffanlage/abgaskruemmer
01.05.02,01.05,3,Katalysatoren,automotive/auspuffanlage/katalysatoren
01.05.03,01.05,3,Dieselpartikelfilter,automotive/auspuffanlage/dieselpartikelfilter
01.05.04,01.05,3,Mittelschalldämpfer,automotive/auspuffanlage/mittelschalldaempfer
01.05.05,01.05,3,Endschalldämpfer,automotive/auspuffanlage/endschalldaempfer
01.05.06,01.05,3,Flexrohre,automotive/auspuffanlage/flexrohre
01.05.07,01.05,3,Lambdasonden,automotive/auspuffanlage/lambdasonden
01.05.08,01.05,3,AGR/EGR,automotive/auspuffanlage/agr-egr
01.05.09,01.05,3,Abgaszubehör,automotive/auspuffanlage/abgaszubehoer
01.06,01,2,Filter,automotive/filter
01.06.01,01.06,3,Ölfilter,automotive/filter/oelfilter
01.06.02,01.06,3,Luftfilter,automotive/filter/luftfilter
01.06.03,01.06,3,Innenraumfilter,automotive/filter/innenraumfilter
01.06.04,01.06,3,Kraftstofffilter,automotive/filter/kraftstofffilter
01.06.05,01.06,3,Getriebeölfilter,automotive/filter/getriebeoelfilter
01.06.06,01.06,3,Hydraulikfilter,automotive/filter/hydraulikfilter
01.06.07,01.06,3,Filterzubehör,automotive/filter/filterzubehoer
01.07,01,2,Kraftstoffsystem,automotive/kraftstoffsystem
01.07.01,01.07,3,Kraftstoffpumpen,automotive/kraftstoffsystem/kraftstoffpumpen
01.07.02,01.07,3,Einspritzdüsen,automotive/kraftstoffsystem/einspritzduesen
01.07.03,01.07,3,Injektoren,automotive/kraftstoffsystem/injektoren
01.07.04,01.07,3,Kraftstofffilter,automotive/kraftstoffsystem/kraftstofffilter
01.07.05,01.07,3,Hochdruckpumpen,automotive/kraftstoffsystem/hochdruckpumpen
01.07.06,01.07,3,Tank & Komponenten,automotive/kraftstoffsystem/tank-und-komponenten
01.08,01,2,Karosserie,automotive/karosserie
01.08.01,01.08,3,Kotflügel,automotive/karosserie/kotfluegel
01.08.02,01.08,3,Motorhauben,automotive/karosserie/motorhauben
01.08.03,01.08,3,Stoßfänger,automotive/karosserie/stossfaenger
01.08.04,01.08,3,Türen,automotive/karosserie/tueren
01.08.05,01.08,3,Spiegel,automotive/karosserie/spiegel
01.08.06,01.08,3,Grill & Embleme,automotive/karosserie/grill-und-embleme
01.08.07,01.08,3,Unterboden,automotive/karosserie/unterboden
01.08.08,01.08,3,Dichtungen,automotive/karosserie/dichtungen
01.09,01,2,Innenraum,automotive/innenraum
01.09.01,01.09,3,Sitze,automotive/innenraum/sitze
01.09.02,01.09,3,Teppiche & Matten,automotive/innenraum/teppiche-und-matten
01.09.03,01.09,3,Armaturenbrett,automotive/innenraum/armaturenbrett
01.09.04,01.09,3,Mittelkonsole,automotive/innenraum/mittelkonsole
01.09.05,01.09,3,Schalter,automotive/innenraum/schalter
01.09.06,01.09,3,Innenraumbeleuchtung,automotive/innenraum/innenraumbeleuchtung
01.10,01,2,Klima & Heizung,automotive/klima-und-heizung
01.10.01,01.10,3,Klimakompressoren,automotive/klima-und-heizung/klimakompressoren
01.10.02,01.10,3,Kondensatoren,automotive/klima-und-heizung/kondensatoren
01.10.03,01.10,3,Verdampfer,automotive/klima-und-heizung/verdampfer
01.10.04,01.10,3,Gebläsemotoren,automotive/klima-und-heizung/geblaesemotoren
01.10.05,01.10,3,Heizungsventile,automotive/klima-und-heizung/heizungsventile
01.10.06,01.10,3,Klimaservice,automotive/klima-und-heizung/klimaservice
01.11,01,2,Anhänger & Transport,automotive/anhaenger-und-transport
01.11.01,01.11,3,Anhängerkupplungen,automotive/anhaenger-und-transport/anhaengerkupplungen
01.11.02,01.11,3,Elektrosätze,automotive/anhaenger-und-transport/elektrosaetze
01.11.03,01.11,3,Stützräder,automotive/anhaenger-und-transport/stuetzraeder
01.11.04,01.11,3,Kupplungsköpfe,automotive/anhaenger-und-transport/kupplungskoepfe
01.11.05,01.11,3,Seilwinden,automotive/anhaenger-und-transport/seilwinden
01.11.06,01.11,3,Ladungssicherung,automotive/anhaenger-und-transport/ladungssicherung
02,,1,Haus & Wohnen,haus-und-wohnen
02.01,02,2,Wohnzimmer,haus-und-wohnen/wohnzimmer
02.01.01,02.01,3,Sofas,haus-und-wohnen/wohnzimmer/sofas
02.01.02,02.01,3,Sessel,haus-und-wohnen/wohnzimmer/sessel
02.01.03,02.01,3,Couchtische,haus-und-wohnen/wohnzimmer/couchtische
02.01.04,02.01,3,TV-Möbel,haus-und-wohnen/wohnzimmer/tv-moebel
02.01.05,02.01,3,Regale,haus-und-wohnen/wohnzimmer/regale
02.01.06,02.01,3,Teppiche,haus-und-wohnen/wohnzimmer/teppiche
02.02,02,2,Schlafzimmer,haus-und-wohnen/schlafzimmer
02.02.01,02.02,3,Betten,haus-und-wohnen/schlafzimmer/betten
02.02.02,02.02,3,Matratzen,haus-und-wohnen/schlafzimmer/matratzen
02.02.03,02.02,3,Nachttische,haus-und-wohnen/schlafzimmer/nachttische
02.02.04,02.02,3,Kleiderschränke,haus-und-wohnen/schlafzimmer/kleiderschraenke
02.02.05,02.02,3,Kommoden,haus-und-wohnen/schlafzimmer/kommoden
02.02.06,02.02,3,Bettwaren,haus-und-wohnen/schlafzimmer/bettwaren
02.03,02,2,Küche,haus-und-wohnen/kueche
02.03.01,02.03,3,Küchenorganisation,haus-und-wohnen/kueche/kuechenorganisation
02.03.02,02.03,3,Geschirr,haus-und-wohnen/kueche/geschirr
02.03.03,02.03,3,Besteck,haus-und-wohnen/kueche/besteck
02.03.04,02.03,3,Töpfe & Pfannen,haus-und-wohnen/kueche/toepfe-und-pfannen
02.03.05,02.03,3,Aufbewahrung,haus-und-wohnen/kueche/aufbewahrung
02.03.06,02.03,3,Küchenzubehör,haus-und-wohnen/kueche/kuechenzubehoer
02.04,02,2,Bad,haus-und-wohnen/bad
02.04.01,02.04,3,Badmöbel,haus-und-wohnen/bad/badmoebel
02.04.02,02.04,3,Badtextilien,haus-und-wohnen/bad/badtextilien
02.04.03,02.04,3,Duschen & Zubehör,haus-und-wohnen/bad/duschen-und-zubehoer
02.04.04,02.04,3,Armaturen,haus-und-wohnen/bad/armaturen
02.04.05,02.04,3,Spiegel,haus-und-wohnen/bad/spiegel
02.04.06,02.04,3,Organisation,haus-und-wohnen/bad/organisation
02.05,02,2,Dekoration,haus-und-wohnen/dekoration
02.05.01,02.05,3,Wanddeko,haus-und-wohnen/dekoration/wanddeko
02.05.02,02.05,3,Figuren,haus-und-wohnen/dekoration/figuren
02.05.03,02.05,3,Vasen,haus-und-wohnen/dekoration/vasen
02.05.04,02.05,3,Kerzenhalter,haus-und-wohnen/dekoration/kerzenhalter
02.05.05,02.05,3,Bilderrahmen,haus-und-wohnen/dekoration/bilderrahmen
02.05.06,02.05,3,Saisondeko,haus-und-wohnen/dekoration/saisondeko
02.06,02,2,Haushalt,haus-und-wohnen/haushalt
02.06.01,02.06,3,Wäsche,haus-und-wohnen/haushalt/waesche
02.06.02,02.06,3,Bügeln,haus-und-wohnen/haushalt/buegeln
02.06.03,02.06,3,Aufbewahrung,haus-und-wohnen/haushalt/aufbewahrung
02.06.04,02.06,3,Mülltrennung,haus-und-wohnen/haushalt/muelltrennung
02.06.05,02.06,3,Reparaturbedarf,haus-und-wohnen/haushalt/reparaturbedarf
02.06.06,02.06,3,Haushaltshelfer,haus-und-wohnen/haushalt/haushaltshelfer
03,,1,Werkzeuge,werkzeuge
03.01,03,2,Handwerkzeuge,werkzeuge/handwerkzeuge
03.01.01,03.01,3,Schraubendreher,werkzeuge/handwerkzeuge/schraubendreher
03.01.02,03.01,3,Schraubenschlüssel,werkzeuge/handwerkzeuge/schraubenschluessel
03.01.03,03.01,3,Zangen,werkzeuge/handwerkzeuge/zangen
03.01.04,03.01,3,Steckschlüssel,werkzeuge/handwerkzeuge/steckschluessel
03.01.05,03.01,3,Hammer,werkzeuge/handwerkzeuge/hammer
03.01.06,03.01,3,Messwerkzeuge,werkzeuge/handwerkzeuge/messwerkzeuge
03.02,03,2,Elektrowerkzeuge,werkzeuge/elektrowerkzeuge
03.02.01,03.02,3,Bohrmaschinen,werkzeuge/elektrowerkzeuge/bohrmaschinen
03.02.02,03.02,3,Akkuschrauber,werkzeuge/elektrowerkzeuge/akkuschrauber
03.02.03,03.02,3,Schlagbohrer,werkzeuge/elektrowerkzeuge/schlagbohrer
03.02.04,03.02,3,Winkelschleifer,werkzeuge/elektrowerkzeuge/winkelschleifer
03.02.05,03.02,3,Sägen,werkzeuge/elektrowerkzeuge/saegen
03.02.06,03.02,3,Fräsen,werkzeuge/elektrowerkzeuge/fraesen
03.03,03,2,Druckluftwerkzeuge,werkzeuge/druckluftwerkzeuge
03.03.01,03.03,3,Schlagschrauber,werkzeuge/druckluftwerkzeuge/schlagschrauber
03.03.02,03.03,3,Druckluftbohrer,werkzeuge/druckluftwerkzeuge/druckluftbohrer
03.03.03,03.03,3,Druckluftschleifer,werkzeuge/druckluftwerkzeuge/druckluftschleifer
03.03.04,03.03,3,Ausblaspistolen,werkzeuge/druckluftwerkzeuge/ausblaspistolen
03.03.05,03.03,3,Nagler,werkzeuge/druckluftwerkzeuge/nagler
03.04,03,2,Mess- & Prüftechnik,werkzeuge/mess-und-prueftechnik
03.04.01,03.04,3,Multimeter,werkzeuge/mess-und-prueftechnik/multimeter
03.04.02,03.04,3,Spannungsprüfer,werkzeuge/mess-und-prueftechnik/spannungspruefer
03.04.03,03.04,3,Messschieber,werkzeuge/mess-und-prueftechnik/messschieber
03.04.04,03.04,3,Laser,werkzeuge/mess-und-prueftechnik/laser
03.04.05,03.04,3,Prüfgeräte,werkzeuge/mess-und-prueftechnik/pruefgeraete
03.05,03,2,Werkstatt,werkzeuge/werkstatt
03.05.01,03.05,3,Werkbänke,werkzeuge/werkstatt/werkbaenke
03.05.02,03.05,3,Werkstattwagen,werkzeuge/werkstatt/werkstattwagen
03.05.03,03.05,3,Schraubstöcke,werkzeuge/werkstatt/schraubstoecke
03.05.04,03.05,3,Hebewerkzeuge,werkzeuge/werkstatt/hebewerkzeuge
03.05.05,03.05,3,Werkstattbedarf,werkzeuge/werkstatt/werkstattbedarf
04,,1,Garten,garten
04.01,04,2,Gartenwerkzeuge,garten/gartenwerkzeuge
04.01.01,04.01,3,Spaten,garten/gartenwerkzeuge/spaten
04.01.02,04.01,3,Schaufeln,garten/gartenwerkzeuge/schaufeln
04.01.03,04.01,3,Harken,garten/gartenwerkzeuge/harken
04.01.04,04.01,3,Rechen,garten/gartenwerkzeuge/rechen
04.01.05,04.01,3,Scheren,garten/gartenwerkzeuge/scheren
04.01.06,04.01,3,Äxte,garten/gartenwerkzeuge/aexte
04.02,04,2,Rasenpflege,garten/rasenpflege
04.02.01,04.02,3,Rasenmäher,garten/rasenpflege/rasenmaeher
04.02.02,04.02,3,Mähroboter,garten/rasenpflege/maehroboter
04.02.03,04.02,3,Vertikutierer,garten/rasenpflege/vertikutierer
04.02.04,04.02,3,Rasentrimmer,garten/rasenpflege/rasentrimmer
04.02.05,04.02,3,Rasenwalzen,garten/rasenpflege/rasenwalzen
04.03,04,2,Bewässerung,garten/bewaesserung
04.03.01,04.03,3,Gartenschläuche,garten/bewaesserung/gartenschlaeuche
04.03.02,04.03,3,Schlauchwagen,garten/bewaesserung/schlauchwagen
04.03.03,04.03,3,Pumpen,garten/bewaesserung/pumpen
04.03.04,04.03,3,Regner,garten/bewaesserung/regner
04.03.05,04.03,3,Tropfbewässerung,garten/bewaesserung/tropfbewaesserung
04.03.06,04.03,3,Bewässerungssteuerung,garten/bewaesserung/bewaesserungssteuerung
04.04,04,2,Pflanzen & Anzucht,garten/pflanzen-und-anzucht
04.04.01,04.04,3,Samen,garten/pflanzen-und-anzucht/samen
04.04.02,04.04,3,Jungpflanzen,garten/pflanzen-und-anzucht/jungpflanzen
04.04.03,04.04,3,Gewächshaus,garten/pflanzen-und-anzucht/gewaechshaus
04.04.04,04.04,3,Anzuchttöpfe,garten/pflanzen-und-anzucht/anzuchttoepfe
04.04.05,04.04,3,Substrate,garten/pflanzen-und-anzucht/substrate
04.04.06,04.04,3,Dünger,garten/pflanzen-und-anzucht/duenger
04.05,04,2,Gartenmöbel,garten/gartenmoebel
04.05.01,04.05,3,Gartenstühle,garten/gartenmoebel/gartenstuehle
04.05.02,04.05,3,Gartentische,garten/gartenmoebel/gartentische
04.05.03,04.05,3,Liegen,garten/gartenmoebel/liegen
04.05.04,04.05,3,Loungemöbel,garten/gartenmoebel/loungemoebel
04.05.05,04.05,3,Sonnenschirme,garten/gartenmoebel/sonnenschirme
04.06,04,2,Gartenmaschinen,garten/gartenmaschinen
04.06.01,04.06,3,Heckenscheren,garten/gartenmaschinen/heckenscheren
04.06.02,04.06,3,Kettensägen,garten/gartenmaschinen/kettensaegen
04.06.03,04.06,3,Laubbläser,garten/gartenmaschinen/laubblaeser
04.06.04,04.06,3,Häcksler,garten/gartenmaschinen/haecksler
04.06.05,04.06,3,Motorhacken,garten/gartenmaschinen/motorhacken
05,,1,Reinigung,reinigung
05.01,05,2,Reinigungsmittel,reinigung/reinigungsmittel
05.01.01,05.01,3,Allzweckreiniger,reinigung/reinigungsmittel/allzweckreiniger
05.01.02,05.01,3,Badreiniger,reinigung/reinigungsmittel/badreiniger
05.01.03,05.01,3,Küchenreiniger,reinigung/reinigungsmittel/kuechenreiniger
05.01.04,05.01,3,Glasreiniger,reinigung/reinigungsmittel/glasreiniger
05.01.05,05.01,3,Bodenreiniger,reinigung/reinigungsmittel/bodenreiniger
05.01.06,05.01,3,Desinfektion,reinigung/reinigungsmittel/desinfektion
05.02,05,2,Wäschepflege,reinigung/waeschepflege
05.02.01,05.02,3,Waschmittel,reinigung/waeschepflege/waschmittel
05.02.02,05.02,3,Weichspüler,reinigung/waeschepflege/weichspueler
05.02.03,05.02,3,Fleckentferner,reinigung/waeschepflege/fleckentferner
05.02.04,05.02,3,Waschzusätze,reinigung/waeschepflege/waschzusaetze
05.02.05,05.02,3,Wäschenetze,reinigung/waeschepflege/waeschenetze
05.03,05,2,Geschirrspülen,reinigung/geschirrspuelen
05.03.01,05.03,3,Handspülmittel,reinigung/geschirrspuelen/handspuelmittel
05.03.02,05.03,3,Maschinenspülmittel,reinigung/geschirrspuelen/maschinenspuelmittel
05.03.03,05.03,3,Tabs,reinigung/geschirrspuelen/tabs
05.03.04,05.03,3,Klarspüler,reinigung/geschirrspuelen/klarspueler
05.03.05,05.03,3,Regeneriersalz,reinigung/geschirrspuelen/regeneriersalz
05.04,05,2,Reinigungsgeräte,reinigung/reinigungsgeraete
05.04.01,05.04,3,Staubsauger,reinigung/reinigungsgeraete/staubsauger
05.04.02,05.04,3,Dampfreiniger,reinigung/reinigungsgeraete/dampfreiniger
05.04.03,05.04,3,Fensterreiniger,reinigung/reinigungsgeraete/fensterreiniger
05.04.04,05.04,3,Hochdruckreiniger,reinigung/reinigungsgeraete/hochdruckreiniger
05.04.05,05.04,3,Bodenmaschinen,reinigung/reinigungsgeraete/bodenmaschinen
05.05,05,2,Professionelle Reinigung,reinigung/professionelle-reinigung
05.05.01,05.05,3,Gewerbereiniger,reinigung/professionelle-reinigung/gewerbereiniger
05.05.02,05.05,3,Hotelbedarf,reinigung/professionelle-reinigung/hotelbedarf
05.05.03,05.05,3,Gastro-Reinigung,reinigung/professionelle-reinigung/gastro-reinigung
05.05.04,05.05,3,Industrie-Reinigung,reinigung/professionelle-reinigung/industrie-reinigung
05.05.05,05.05,3,Dosiersysteme,reinigung/professionelle-reinigung/dosiersysteme
06,,1,Kosmetik & Pflege,kosmetik-und-pflege
06.01,06,2,Gesichtspflege,kosmetik-und-pflege/gesichtspflege
06.01.01,06.01,3,Reinigung,kosmetik-und-pflege/gesichtspflege/reinigung
06.01.02,06.01,3,Cremes,kosmetik-und-pflege/gesichtspflege/cremes
06.01.03,06.01,3,Seren,kosmetik-und-pflege/gesichtspflege/seren
06.01.04,06.01,3,Masken,kosmetik-und-pflege/gesichtspflege/masken
06.01.05,06.01,3,Peelings,kosmetik-und-pflege/gesichtspflege/peelings
06.01.06,06.01,3,Sonnenschutz,kosmetik-und-pflege/gesichtspflege/sonnenschutz
06.02,06,2,Körperpflege,kosmetik-und-pflege/koerperpflege
06.02.01,06.02,3,Duschgel,kosmetik-und-pflege/koerperpflege/duschgel
06.02.02,06.02,3,Bodylotion,kosmetik-und-pflege/koerperpflege/bodylotion
06.02.03,06.02,3,Deodorants,kosmetik-und-pflege/koerperpflege/deodorants
06.02.04,06.02,3,Handpflege,kosmetik-und-pflege/koerperpflege/handpflege
06.02.05,06.02,3,Fußpflege,kosmetik-und-pflege/koerperpflege/fusspflege
06.03,06,2,Haarpflege,kosmetik-und-pflege/haarpflege
06.03.01,06.03,3,Shampoo,kosmetik-und-pflege/haarpflege/shampoo
06.03.02,06.03,3,Conditioner,kosmetik-und-pflege/haarpflege/conditioner
06.03.03,06.03,3,Haarkuren,kosmetik-und-pflege/haarpflege/haarkuren
06.03.04,06.03,3,Styling,kosmetik-und-pflege/haarpflege/styling
06.03.05,06.03,3,Haarfarben,kosmetik-und-pflege/haarpflege/haarfarben
06.03.06,06.03,3,Bürsten,kosmetik-und-pflege/haarpflege/buersten
06.04,06,2,Parfum,kosmetik-und-pflege/parfum
06.04.01,06.04,3,Damenparfum,kosmetik-und-pflege/parfum/damenparfum
06.04.02,06.04,3,Herrenparfum,kosmetik-und-pflege/parfum/herrenparfum
06.04.03,06.04,3,Unisex,kosmetik-und-pflege/parfum/unisex
06.04.04,06.04,3,Körperdüfte,kosmetik-und-pflege/parfum/koerperduefte
06.04.05,06.04,3,Duftsets,kosmetik-und-pflege/parfum/duftsets
06.05,06,2,Kosmetik,kosmetik-und-pflege/kosmetik
06.05.01,06.05,3,Make-up,kosmetik-und-pflege/kosmetik/make-up
06.05.02,06.05,3,Lippen,kosmetik-und-pflege/kosmetik/lippen
06.05.03,06.05,3,Augen,kosmetik-und-pflege/kosmetik/augen
06.05.04,06.05,3,Nägel,kosmetik-und-pflege/kosmetik/naegel
06.05.05,06.05,3,Pinsel & Tools,kosmetik-und-pflege/kosmetik/pinsel-und-tools
07,,1,Elektronik,elektronik
07.01,07,2,Computer,elektronik/computer
07.01.01,07.01,3,Laptops,elektronik/computer/laptops
07.01.02,07.01,3,Desktop-PCs,elektronik/computer/desktop-pcs
07.01.03,07.01,3,Monitore,elektronik/computer/monitore
07.01.04,07.01,3,Tastaturen,elektronik/computer/tastaturen
07.01.05,07.01,3,Mäuse,elektronik/computer/maeuse
07.01.06,07.01,3,Webcams,elektronik/computer/webcams
07.02,07,2,Netzwerk,elektronik/netzwerk
07.02.01,07.02,3,Router,elektronik/netzwerk/router
07.02.02,07.02,3,Switches,elektronik/netzwerk/switches
07.02.03,07.02,3,Access Points,elektronik/netzwerk/access-points
07.02.04,07.02,3,Repeater,elektronik/netzwerk/repeater
07.02.05,07.02,3,Netzwerkkabel,elektronik/netzwerk/netzwerkkabel
07.02.06,07.02,3,Adapter,elektronik/netzwerk/adapter
07.03,07,2,Smartphones & Tablets,elektronik/smartphones-und-tablets
07.03.01,07.03,3,Smartphones,elektronik/smartphones-und-tablets/smartphones
07.03.02,07.03,3,Tablets,elektronik/smartphones-und-tablets/tablets
07.03.03,07.03,3,Hüllen,elektronik/smartphones-und-tablets/huellen
07.03.04,07.03,3,Ladegeräte,elektronik/smartphones-und-tablets/ladegeraete
07.03.05,07.03,3,Displayschutz,elektronik/smartphones-und-tablets/displayschutz
07.04,07,2,Audio,elektronik/audio
07.04.01,07.04,3,Kopfhörer,elektronik/audio/kopfhoerer
07.04.02,07.04,3,Lautsprecher,elektronik/audio/lautsprecher
07.04.03,07.04,3,Mikrofone,elektronik/audio/mikrofone
07.04.04,07.04,3,Soundbars,elektronik/audio/soundbars
07.04.05,07.04,3,Audioadapter,elektronik/audio/audioadapter
07.05,07,2,TV & Video,elektronik/tv-und-video
07.05.01,07.05,3,Fernseher,elektronik/tv-und-video/fernseher
07.05.02,07.05,3,Beamer,elektronik/tv-und-video/beamer
07.05.03,07.05,3,Streaming,elektronik/tv-und-video/streaming
07.05.04,07.05,3,TV-Zubehör,elektronik/tv-und-video/tv-zubehoer
07.05.05,07.05,3,Kabel,elektronik/tv-und-video/kabel
07.06,07,2,Speicher,elektronik/speicher
07.06.01,07.06,3,SSDs,elektronik/speicher/ssds
07.06.02,07.06,3,Festplatten,elektronik/speicher/festplatten
07.06.03,07.06,3,USB-Sticks,elektronik/speicher/usb-sticks
07.06.04,07.06,3,Speicherkarten,elektronik/speicher/speicherkarten
07.06.05,07.06,3,NAS,elektronik/speicher/nas
08,,1,Elektrogeräte,elektrogeraete
08.01,08,2,Waschen,elektrogeraete/waschen
08.01.01,08.01,3,Waschmaschinen,elektrogeraete/waschen/waschmaschinen
08.01.02,08.01,3,Waschtrockner,elektrogeraete/waschen/waschtrockner
08.01.03,08.01,3,Trockner,elektrogeraete/waschen/trockner
08.01.04,08.01,3,Zubehör,elektrogeraete/waschen/zubehoer
08.02,08,2,Kühlen,elektrogeraete/kuehlen
08.02.01,08.02,3,Kühlschränke,elektrogeraete/kuehlen/kuehlschraenke
08.02.02,08.02,3,Gefrierschränke,elektrogeraete/kuehlen/gefrierschraenke
08.02.03,08.02,3,Kühl-Gefrierkombinationen,elektrogeraete/kuehlen/kuehl-gefrierkombinationen
08.02.04,08.02,3,Zubehör,elektrogeraete/kuehlen/zubehoer
08.03,08,2,Kochen,elektrogeraete/kochen
08.03.01,08.03,3,Backöfen,elektrogeraete/kochen/backoefen
08.03.02,08.03,3,Herde,elektrogeraete/kochen/herde
08.03.03,08.03,3,Kochfelder,elektrogeraete/kochen/kochfelder
08.03.04,08.03,3,Mikrowellen,elektrogeraete/kochen/mikrowellen
08.03.05,08.03,3,Dunstabzug,elektrogeraete/kochen/dunstabzug
08.04,08,2,Haushaltskleingeräte,elektrogeraete/haushaltskleingeraete
08.04.01,08.04,3,Kaffeemaschinen,elektrogeraete/haushaltskleingeraete/kaffeemaschinen
08.04.02,08.04,3,Wasserkocher,elektrogeraete/haushaltskleingeraete/wasserkocher
08.04.03,08.04,3,Toaster,elektrogeraete/haushaltskleingeraete/toaster
08.04.04,08.04,3,Mixer,elektrogeraete/haushaltskleingeraete/mixer
08.04.05,08.04,3,Küchenmaschinen,elektrogeraete/haushaltskleingeraete/kuechenmaschinen
09,,1,Möbel,moebel
09.01,09,2,Sitzmöbel,moebel/sitzmoebel
09.01.01,09.01,3,Sofas,moebel/sitzmoebel/sofas
09.01.02,09.01,3,Sessel,moebel/sitzmoebel/sessel
09.01.03,09.01,3,Stühle,moebel/sitzmoebel/stuehle
09.01.04,09.01,3,Hocker,moebel/sitzmoebel/hocker
09.01.05,09.01,3,Bänke,moebel/sitzmoebel/baenke
09.02,09,2,Tische,moebel/tische
09.02.01,09.02,3,Esstische,moebel/tische/esstische
09.02.02,09.02,3,Schreibtische,moebel/tische/schreibtische
09.02.03,09.02,3,Couchtische,moebel/tische/couchtische
09.02.04,09.02,3,Beistelltische,moebel/tische/beistelltische
09.03,09,2,Schränke,moebel/schraenke
09.03.01,09.03,3,Kleiderschränke,moebel/schraenke/kleiderschraenke
09.03.02,09.03,3,Vitrinen,moebel/schraenke/vitrinen
09.03.03,09.03,3,Sideboards,moebel/schraenke/sideboards
09.03.04,09.03,3,Kommoden,moebel/schraenke/kommoden
09.03.05,09.03,3,Regale,moebel/schraenke/regale
09.04,09,2,Schlafmöbel,moebel/schlafmoebel
09.04.01,09.04,3,Betten,moebel/schlafmoebel/betten
09.04.02,09.04,3,Boxspringbetten,moebel/schlafmoebel/boxspringbetten
09.04.03,09.04,3,Nachttische,moebel/schlafmoebel/nachttische
09.04.04,09.04,3,Matratzen,moebel/schlafmoebel/matratzen
10,,1,Beleuchtung,beleuchtung
10.01,10,2,Innenbeleuchtung,beleuchtung/innenbeleuchtung
10.01.01,10.01,3,Deckenleuchten,beleuchtung/innenbeleuchtung/deckenleuchten
10.01.02,10.01,3,Pendelleuchten,beleuchtung/innenbeleuchtung/pendelleuchten
10.01.03,10.01,3,Wandleuchten,beleuchtung/innenbeleuchtung/wandleuchten
10.01.04,10.01,3,Stehleuchten,beleuchtung/innenbeleuchtung/stehleuchten
10.01.05,10.01,3,Tischleuchten,beleuchtung/innenbeleuchtung/tischleuchten
10.02,10,2,Außenbeleuchtung,beleuchtung/aussenbeleuchtung
10.02.01,10.02,3,Gartenleuchten,beleuchtung/aussenbeleuchtung/gartenleuchten
10.02.02,10.02,3,Wegeleuchten,beleuchtung/aussenbeleuchtung/wegeleuchten
10.02.03,10.02,3,Fassadenleuchten,beleuchtung/aussenbeleuchtung/fassadenleuchten
10.02.04,10.02,3,Fluter,beleuchtung/aussenbeleuchtung/fluter
10.02.05,10.02,3,Solarleuchten,beleuchtung/aussenbeleuchtung/solarleuchten
10.03,10,2,LED,beleuchtung/led
10.03.01,10.03,3,LED-Lampen,beleuchtung/led/led-lampen
10.03.02,10.03,3,LED-Streifen,beleuchtung/led/led-streifen
10.03.03,10.03,3,LED-Panels,beleuchtung/led/led-panels
10.03.04,10.03,3,LED-Leuchtmittel,beleuchtung/led/led-leuchtmittel
10.04,10,2,Leuchtmittel,beleuchtung/leuchtmittel
10.04.01,10.04,3,E27,beleuchtung/leuchtmittel/e27
10.04.02,10.04,3,E14,beleuchtung/leuchtmittel/e14
10.04.03,10.04,3,GU10,beleuchtung/leuchtmittel/gu10
10.04.04,10.04,3,G9,beleuchtung/leuchtmittel/g9
10.04.05,10.04,3,Halogen,beleuchtung/leuchtmittel/halogen
10.04.06,10.04,3,Speziallampen,beleuchtung/leuchtmittel/speziallampen
11,,1,Mode & Accessoires,mode-und-accessoires
11.01,11,2,Damenmode,mode-und-accessoires/damenmode
11.01.01,11.01,3,Kleider,mode-und-accessoires/damenmode/kleider
11.01.02,11.01,3,Blusen,mode-und-accessoires/damenmode/blusen
11.01.03,11.01,3,Hosen,mode-und-accessoires/damenmode/hosen
11.01.04,11.01,3,Jacken,mode-und-accessoires/damenmode/jacken
11.01.05,11.01,3,Mäntel,mode-und-accessoires/damenmode/maentel
11.01.06,11.01,3,Unterwäsche,mode-und-accessoires/damenmode/unterwaesche
11.02,11,2,Herrenmode,mode-und-accessoires/herrenmode
11.02.01,11.02,3,Hemden,mode-und-accessoires/herrenmode/hemden
11.02.02,11.02,3,T-Shirts,mode-und-accessoires/herrenmode/t-shirts
11.02.03,11.02,3,Hosen,mode-und-accessoires/herrenmode/hosen
11.02.04,11.02,3,Jacken,mode-und-accessoires/herrenmode/jacken
11.02.05,11.02,3,Anzüge,mode-und-accessoires/herrenmode/anzuege
11.02.06,11.02,3,Unterwäsche,mode-und-accessoires/herrenmode/unterwaesche
11.03,11,2,Schuhe,mode-und-accessoires/schuhe
11.03.01,11.03,3,Sneaker,mode-und-accessoires/schuhe/sneaker
11.03.02,11.03,3,Stiefel,mode-und-accessoires/schuhe/stiefel
11.03.03,11.03,3,Business-Schuhe,mode-und-accessoires/schuhe/business-schuhe
11.03.04,11.03,3,Sandalen,mode-und-accessoires/schuhe/sandalen
11.03.05,11.03,3,Arbeitsschuhe,mode-und-accessoires/schuhe/arbeitsschuhe
11.04,11,2,Accessoires,mode-und-accessoires/accessoires
11.04.01,11.04,3,Taschen,mode-und-accessoires/accessoires/taschen
11.04.02,11.04,3,Gürtel,mode-und-accessoires/accessoires/guertel
11.04.03,11.04,3,Geldbörsen,mode-und-accessoires/accessoires/geldboersen
11.04.04,11.04,3,Schals,mode-und-accessoires/accessoires/schals
11.04.05,11.04,3,Mützen,mode-und-accessoires/accessoires/muetzen
11.04.06,11.04,3,Schmuck,mode-und-accessoires/accessoires/schmuck
12,,1,Sport & Outdoor,sport-und-outdoor
12.01,12,2,Fitness,sport-und-outdoor/fitness
12.01.01,12.01,3,Hanteln,sport-und-outdoor/fitness/hanteln
12.01.02,12.01,3,Trainingsbänder,sport-und-outdoor/fitness/trainingsbaender
12.01.03,12.01,3,Matten,sport-und-outdoor/fitness/matten
12.01.04,12.01,3,Kraftstationen,sport-und-outdoor/fitness/kraftstationen
12.01.05,12.01,3,Cardio,sport-und-outdoor/fitness/cardio
12.02,12,2,Camping,sport-und-outdoor/camping
12.02.01,12.02,3,Zelte,sport-und-outdoor/camping/zelte
12.02.02,12.02,3,Schlafsäcke,sport-und-outdoor/camping/schlafsaecke
12.02.03,12.02,3,Campingmöbel,sport-und-outdoor/camping/campingmoebel
12.02.04,12.02,3,Kocher,sport-und-outdoor/camping/kocher
12.02.05,12.02,3,Beleuchtung,sport-und-outdoor/camping/beleuchtung
12.03,12,2,Wandern,sport-und-outdoor/wandern
12.03.01,12.03,3,Rucksäcke,sport-und-outdoor/wandern/rucksaecke
12.03.02,12.03,3,Wanderschuhe,sport-und-outdoor/wandern/wanderschuhe
12.03.03,12.03,3,Stöcke,sport-und-outdoor/wandern/stoecke
12.03.04,12.03,3,Outdoor-Bekleidung,sport-und-outdoor/wandern/outdoor-bekleidung
12.04,12,2,Wintersport,sport-und-outdoor/wintersport
12.04.01,12.04,3,Skier,sport-und-outdoor/wintersport/skier
12.04.02,12.04,3,Snowboards,sport-und-outdoor/wintersport/snowboards
12.04.03,12.04,3,Schuhe,sport-und-outdoor/wintersport/schuhe
12.04.04,12.04,3,Helme,sport-und-outdoor/wintersport/helme
12.04.05,12.04,3,Zubehör,sport-und-outdoor/wintersport/zubehoer
12.05,12,2,Teamsport,sport-und-outdoor/teamsport
12.05.01,12.05,3,Fußball,sport-und-outdoor/teamsport/fussball
12.05.02,12.05,3,Basketball,sport-und-outdoor/teamsport/basketball
12.05.03,12.05,3,Handball,sport-und-outdoor/teamsport/handball
12.05.04,12.05,3,Volleyball,sport-und-outdoor/teamsport/volleyball
12.05.05,12.05,3,Training,sport-und-outdoor/teamsport/training
13,,1,Fahrräder & E-Bikes,fahrraeder-und-e-bikes
13.01,13,2,Fahrräder,fahrraeder-und-e-bikes/fahrraeder
13.01.01,13.01,3,Citybikes,fahrraeder-und-e-bikes/fahrraeder/citybikes
13.01.02,13.01,3,Trekkingbikes,fahrraeder-und-e-bikes/fahrraeder/trekkingbikes
13.01.03,13.01,3,Mountainbikes,fahrraeder-und-e-bikes/fahrraeder/mountainbikes
13.01.04,13.01,3,Rennräder,fahrraeder-und-e-bikes/fahrraeder/rennraeder
13.01.05,13.01,3,Kinderfahrräder,fahrraeder-und-e-bikes/fahrraeder/kinderfahrraeder
13.02,13,2,E-Bikes,fahrraeder-und-e-bikes/e-bikes
13.02.01,13.02,3,E-City,fahrraeder-und-e-bikes/e-bikes/e-city
13.02.02,13.02,3,E-Trekking,fahrraeder-und-e-bikes/e-bikes/e-trekking
13.02.03,13.02,3,E-MTB,fahrraeder-und-e-bikes/e-bikes/e-mtb
13.02.04,13.02,3,E-Cargo,fahrraeder-und-e-bikes/e-bikes/e-cargo
13.02.05,13.02,3,E-Bike-Komponenten,fahrraeder-und-e-bikes/e-bikes/e-bike-komponenten
13.03,13,2,Fahrradteile,fahrraeder-und-e-bikes/fahrradteile
13.03.01,13.03,3,Bremsen,fahrraeder-und-e-bikes/fahrradteile/bremsen
13.03.02,13.03,3,Schaltungen,fahrraeder-und-e-bikes/fahrradteile/schaltungen
13.03.03,13.03,3,Ketten,fahrraeder-und-e-bikes/fahrradteile/ketten
13.03.04,13.03,3,Kassetten,fahrraeder-und-e-bikes/fahrradteile/kassetten
13.03.05,13.03,3,Laufräder,fahrraeder-und-e-bikes/fahrradteile/laufraeder
13.03.06,13.03,3,Reifen,fahrraeder-und-e-bikes/fahrradteile/reifen
13.04,13,2,Zubehör,fahrraeder-und-e-bikes/zubehoer
13.04.01,13.04,3,Helme,fahrraeder-und-e-bikes/zubehoer/helme
13.04.02,13.04,3,Lichter,fahrraeder-und-e-bikes/zubehoer/lichter
13.04.03,13.04,3,Schlösser,fahrraeder-und-e-bikes/zubehoer/schloesser
13.04.04,13.04,3,Taschen,fahrraeder-und-e-bikes/zubehoer/taschen
13.04.05,13.04,3,Fahrradcomputer,fahrraeder-und-e-bikes/zubehoer/fahrradcomputer
14,,1,Haustier,haustier
14.01,14,2,Hundefutter,haustier/hundefutter
14.01.01,14.01,3,Trockenfutter,haustier/hundefutter/trockenfutter
14.01.02,14.01,3,Nassfutter,haustier/hundefutter/nassfutter
14.01.03,14.01,3,Snacks,haustier/hundefutter/snacks
14.01.04,14.01,3,BARF,haustier/hundefutter/barf
14.01.05,14.01,3,Nahrungsergänzung,haustier/hundefutter/nahrungsergaenzung
14.02,14,2,Katzenfutter,haustier/katzenfutter
14.02.01,14.02,3,Trockenfutter,haustier/katzenfutter/trockenfutter
14.02.02,14.02,3,Nassfutter,haustier/katzenfutter/nassfutter
14.02.03,14.02,3,Snacks,haustier/katzenfutter/snacks
14.02.04,14.02,3,Katzenmilch,haustier/katzenfutter/katzenmilch
14.03,14,2,Tierbedarf,haustier/tierbedarf
14.03.01,14.03,3,Leinen,haustier/tierbedarf/leinen
14.03.02,14.03,3,Halsbänder,haustier/tierbedarf/halsbaender
14.03.03,14.03,3,Betten,haustier/tierbedarf/betten
14.03.04,14.03,3,Transport,haustier/tierbedarf/transport
14.03.05,14.03,3,Pflege,haustier/tierbedarf/pflege
14.04,14,2,Aquaristik,haustier/aquaristik
14.04.01,14.04,3,Aquarien,haustier/aquaristik/aquarien
14.04.02,14.04,3,Filter,haustier/aquaristik/filter
14.04.03,14.04,3,Pumpen,haustier/aquaristik/pumpen
14.04.04,14.04,3,Futter,haustier/aquaristik/futter
14.04.05,14.04,3,Wasserpflege,haustier/aquaristik/wasserpflege
15,,1,Baby & Kind,baby-und-kind
15.01,15,2,Babybedarf,baby-und-kind/babybedarf
15.01.01,15.01,3,Kinderwagen,baby-und-kind/babybedarf/kinderwagen
15.01.02,15.01,3,Autositze,baby-und-kind/babybedarf/autositze
15.01.03,15.01,3,Tragen,baby-und-kind/babybedarf/tragen
15.01.04,15.01,3,Babyphones,baby-und-kind/babybedarf/babyphones
15.01.05,15.01,3,Wickeln,baby-und-kind/babybedarf/wickeln
15.02,15,2,Babykleidung,baby-und-kind/babykleidung
15.02.01,15.02,3,Bodys,baby-und-kind/babykleidung/bodys
15.02.02,15.02,3,Schlafanzüge,baby-und-kind/babykleidung/schlafanzuege
15.02.03,15.02,3,Sets,baby-und-kind/babykleidung/sets
15.02.04,15.02,3,Jacken,baby-und-kind/babykleidung/jacken
15.02.05,15.02,3,Schuhe,baby-und-kind/babykleidung/schuhe
15.03,15,2,Spielzeug,baby-und-kind/spielzeug
15.03.01,15.03,3,Rasseln,baby-und-kind/spielzeug/rasseln
15.03.02,15.03,3,Lernspielzeug,baby-und-kind/spielzeug/lernspielzeug
15.03.03,15.03,3,Bauklötze,baby-und-kind/spielzeug/baukloetze
15.03.04,15.03,3,Puppen,baby-und-kind/spielzeug/puppen
15.03.05,15.03,3,Fahrzeuge,baby-und-kind/spielzeug/fahrzeuge
15.04,15,2,Schule & Einschulung,baby-und-kind/schule-und-einschulung
15.04.01,15.04,3,Schultüten,baby-und-kind/schule-und-einschulung/schultueten
15.04.02,15.04,3,Schulranzen,baby-und-kind/schule-und-einschulung/schulranzen
15.04.03,15.04,3,Federmäppchen,baby-und-kind/schule-und-einschulung/federmaeppchen
15.04.04,15.04,3,Schulbedarf,baby-und-kind/schule-und-einschulung/schulbedarf
15.04.05,15.04,3,Einschulungsdeko,baby-und-kind/schule-und-einschulung/einschulungsdeko
16,,1,Gaming & Spielzeug,gaming-und-spielzeug
16.01,16,2,Spielzeug,gaming-und-spielzeug/spielzeug
16.01.01,16.01,3,Baukästen,gaming-und-spielzeug/spielzeug/baukaesten
16.01.02,16.01,3,Fahrzeuge,gaming-und-spielzeug/spielzeug/fahrzeuge
16.01.03,16.01,3,Puppen,gaming-und-spielzeug/spielzeug/puppen
16.01.04,16.01,3,Figuren,gaming-und-spielzeug/spielzeug/figuren
16.01.05,16.01,3,Brettspiele,gaming-und-spielzeug/spielzeug/brettspiele
16.02,16,2,Gaming,gaming-und-spielzeug/gaming
16.02.01,16.02,3,Controller,gaming-und-spielzeug/gaming/controller
16.02.02,16.02,3,Headsets,gaming-und-spielzeug/gaming/headsets
16.02.03,16.02,3,Gaming-Tastaturen,gaming-und-spielzeug/gaming/gaming-tastaturen
16.02.04,16.02,3,Gaming-Mäuse,gaming-und-spielzeug/gaming/gaming-maeuse
16.02.05,16.02,3,Gaming-Stühle,gaming-und-spielzeug/gaming/gaming-stuehle
16.03,16,2,Outdoor-Spielzeug,gaming-und-spielzeug/outdoor-spielzeug
16.03.01,16.03,3,Trampoline,gaming-und-spielzeug/outdoor-spielzeug/trampoline
16.03.02,16.03,3,Pools,gaming-und-spielzeug/outdoor-spielzeug/pools
16.03.03,16.03,3,Sandkästen,gaming-und-spielzeug/outdoor-spielzeug/sandkaesten
16.03.04,16.03,3,Klettergeräte,gaming-und-spielzeug/outdoor-spielzeug/klettergeraete
16.04,16,2,RC & Modellbau,gaming-und-spielzeug/rc-und-modellbau
16.04.01,16.04,3,RC-Autos,gaming-und-spielzeug/rc-und-modellbau/rc-autos
16.04.02,16.04,3,RC-Flugzeuge,gaming-und-spielzeug/rc-und-modellbau/rc-flugzeuge
16.04.03,16.04,3,Drohnen,gaming-und-spielzeug/rc-und-modellbau/drohnen
16.04.04,16.04,3,Modellbau-Zubehör,gaming-und-spielzeug/rc-und-modellbau/modellbau-zubehoer
17,,1,Büro & Schule,buero-und-schule
17.01,17,2,Schreibwaren,buero-und-schule/schreibwaren
17.01.01,17.01,3,Kugelschreiber,buero-und-schule/schreibwaren/kugelschreiber
17.01.02,17.01,3,Bleistifte,buero-und-schule/schreibwaren/bleistifte
17.01.03,17.01,3,Marker,buero-und-schule/schreibwaren/marker
17.01.04,17.01,3,Notizbücher,buero-und-schule/schreibwaren/notizbuecher
17.01.05,17.01,3,Papier,buero-und-schule/schreibwaren/papier
17.02,17,2,Schulbedarf,buero-und-schule/schulbedarf
17.02.01,17.02,3,Schulranzen,buero-und-schule/schulbedarf/schulranzen
17.02.02,17.02,3,Hefte,buero-und-schule/schulbedarf/hefte
17.02.03,17.02,3,Ordner,buero-und-schule/schulbedarf/ordner
17.02.04,17.02,3,Geometrie,buero-und-schule/schulbedarf/geometrie
17.02.05,17.02,3,Bastelbedarf,buero-und-schule/schulbedarf/bastelbedarf
17.03,17,2,Büroausstattung,buero-und-schule/bueroausstattung
17.03.01,17.03,3,Schreibtische,buero-und-schule/bueroausstattung/schreibtische
17.03.02,17.03,3,Bürostühle,buero-und-schule/bueroausstattung/buerostuehle
17.03.03,17.03,3,Ablagen,buero-und-schule/bueroausstattung/ablagen
17.03.04,17.03,3,Whiteboards,buero-und-schule/bueroausstattung/whiteboards
17.03.05,17.03,3,Aktenvernichter,buero-und-schule/bueroausstattung/aktenvernichter
17.04,17,2,Druck & Präsentation,buero-und-schule/druck-und-praesentation
17.04.01,17.04,3,Drucker,buero-und-schule/druck-und-praesentation/drucker
17.04.02,17.04,3,Toner,buero-und-schule/druck-und-praesentation/toner
17.04.03,17.04,3,Tinten,buero-und-schule/druck-und-praesentation/tinten
17.04.04,17.04,3,Etiketten,buero-und-schule/druck-und-praesentation/etiketten
17.04.05,17.04,3,Präsentationsbedarf,buero-und-schule/druck-und-praesentation/praesentationsbedarf
18,,1,Baumarkt,baumarkt
18.01,18,2,Baustoffe,baumarkt/baustoffe
18.01.01,18.01,3,Mörtel,baumarkt/baustoffe/moertel
18.01.02,18.01,3,Zement,baumarkt/baustoffe/zement
18.01.03,18.01,3,Putze,baumarkt/baustoffe/putze
18.01.04,18.01,3,Kleber,baumarkt/baustoffe/kleber
18.01.05,18.01,3,Dichtstoffe,baumarkt/baustoffe/dichtstoffe
18.02,18,2,Farben & Lacke,baumarkt/farben-und-lacke
18.02.01,18.02,3,Innenfarben,baumarkt/farben-und-lacke/innenfarben
18.02.02,18.02,3,Außenfarben,baumarkt/farben-und-lacke/aussenfarben
18.02.03,18.02,3,Lacke,baumarkt/farben-und-lacke/lacke
18.02.04,18.02,3,Lasuren,baumarkt/farben-und-lacke/lasuren
18.02.05,18.02,3,Grundierungen,baumarkt/farben-und-lacke/grundierungen
18.03,18,2,Sanitär,baumarkt/sanitaer
18.03.01,18.03,3,Rohre,baumarkt/sanitaer/rohre
18.03.02,18.03,3,Fittings,baumarkt/sanitaer/fittings
18.03.03,18.03,3,Armaturen,baumarkt/sanitaer/armaturen
18.03.04,18.03,3,Siphons,baumarkt/sanitaer/siphons
18.03.05,18.03,3,Installationszubehör,baumarkt/sanitaer/installationszubehoer
18.04,18,2,Elektroinstallation,baumarkt/elektroinstallation
18.04.01,18.04,3,Kabel,baumarkt/elektroinstallation/kabel
18.04.02,18.04,3,Steckdosen,baumarkt/elektroinstallation/steckdosen
18.04.03,18.04,3,Schalter,baumarkt/elektroinstallation/schalter
18.04.04,18.04,3,Verteiler,baumarkt/elektroinstallation/verteiler
18.04.05,18.04,3,Installationsmaterial,baumarkt/elektroinstallation/installationsmaterial
18.05,18,2,Baubedarf,baumarkt/baubedarf
18.05.01,18.05,3,Befestigung,baumarkt/baubedarf/befestigung
18.05.02,18.05,3,Dämmung,baumarkt/baubedarf/daemmung
18.05.03,18.05,3,Abdichtung,baumarkt/baubedarf/abdichtung
18.05.04,18.05,3,Werkstattbedarf,baumarkt/baubedarf/werkstattbedarf
19,,1,Lager & Aufbewahrung,lager-und-aufbewahrung
19.01,19,2,Regale,lager-und-aufbewahrung/regale
19.01.01,19.01,3,Schwerlastregale,lager-und-aufbewahrung/regale/schwerlastregale
19.01.02,19.01,3,Lagerregale,lager-und-aufbewahrung/regale/lagerregale
19.01.03,19.01,3,Werkstattregale,lager-und-aufbewahrung/regale/werkstattregale
19.01.04,19.01,3,Büroregale,lager-und-aufbewahrung/regale/bueroregale
19.02,19,2,Boxen & Behälter,lager-und-aufbewahrung/boxen-und-behaelter
19.02.01,19.02,3,Euroboxen,lager-und-aufbewahrung/boxen-und-behaelter/euroboxen
19.02.02,19.02,3,Kunststoffboxen,lager-und-aufbewahrung/boxen-und-behaelter/kunststoffboxen
19.02.03,19.02,3,Transportboxen,lager-und-aufbewahrung/boxen-und-behaelter/transportboxen
19.02.04,19.02,3,Müllbehälter,lager-und-aufbewahrung/boxen-und-behaelter/muellbehaelter
19.03,19,2,Lagertechnik,lager-und-aufbewahrung/lagertechnik
19.03.01,19.03,3,Paletten,lager-und-aufbewahrung/lagertechnik/paletten
19.03.02,19.03,3,Rollwagen,lager-und-aufbewahrung/lagertechnik/rollwagen
19.03.03,19.03,3,Hubwagen,lager-und-aufbewahrung/lagertechnik/hubwagen
19.03.04,19.03,3,Transportgeräte,lager-und-aufbewahrung/lagertechnik/transportgeraete
19.04,19,2,Organisation,lager-und-aufbewahrung/organisation
19.04.01,19.04,3,Schubladensysteme,lager-und-aufbewahrung/organisation/schubladensysteme
19.04.02,19.04,3,Kleinteilemagazine,lager-und-aufbewahrung/organisation/kleinteilemagazine
19.04.03,19.04,3,Beschriftung,lager-und-aufbewahrung/organisation/beschriftung
19.04.04,19.04,3,Archivierung,lager-und-aufbewahrung/organisation/archivierung
20,,1,Autozubehör,autozubehoer
20.01,20,2,Innenraumzubehör,autozubehoer/innenraumzubehoer
20.01.01,20.01,3,Fußmatten,autozubehoer/innenraumzubehoer/fussmatten
20.01.02,20.01,3,Sitzbezüge,autozubehoer/innenraumzubehoer/sitzbezuege
20.01.03,20.01,3,Organizer,autozubehoer/innenraumzubehoer/organizer
20.01.04,20.01,3,Armlehnen,autozubehoer/innenraumzubehoer/armlehnen
20.01.05,20.01,3,Kofferraummatten,autozubehoer/innenraumzubehoer/kofferraummatten
20.02,20,2,Außenzubehör,autozubehoer/aussenzubehoer
20.02.01,20.02,3,Dachträger,autozubehoer/aussenzubehoer/dachtraeger
20.02.02,20.02,3,Dachboxen,autozubehoer/aussenzubehoer/dachboxen
20.02.03,20.02,3,Windabweiser,autozubehoer/aussenzubehoer/windabweiser
20.02.04,20.02,3,Schmutzfänger,autozubehoer/aussenzubehoer/schmutzfaenger
20.03,20,2,Transport,autozubehoer/transport
20.03.01,20.03,3,Anhängerkupplung-Zubehör,autozubehoer/transport/anhaengerkupplung-zubehoer
20.03.02,20.03,3,Fahrradträger,autozubehoer/transport/fahrradtraeger
20.03.03,20.03,3,Heckträger,autozubehoer/transport/hecktraeger
20.03.04,20.03,3,Ladungssicherung,autozubehoer/transport/ladungssicherung
20.04,20,2,Tuning,autozubehoer/tuning
20.04.01,20.04,3,Fahrwerk,autozubehoer/tuning/fahrwerk
20.04.02,20.04,3,Abgasanlage,autozubehoer/tuning/abgasanlage
20.04.03,20.04,3,Karosserie,autozubehoer/tuning/karosserie
20.04.04,20.04,3,Beleuchtung,autozubehoer/tuning/beleuchtung
20.04.05,20.04,3,Interieur,autozubehoer/tuning/interieur
21,,1,Motorrad & Zubehör,motorrad-und-zubehoer
21.01,21,2,Motorradteile,motorrad-und-zubehoer/motorradteile
21.01.01,21.01,3,Bremsen,motorrad-und-zubehoer/motorradteile/bremsen
21.01.02,21.01,3,Ketten & Ritzel,motorrad-und-zubehoer/motorradteile/ketten-und-ritzel
21.01.03,21.01,3,Kupplung,motorrad-und-zubehoer/motorradteile/kupplung
21.01.04,21.01,3,Filter,motorrad-und-zubehoer/motorradteile/filter
21.01.05,21.01,3,Fahrwerk,motorrad-und-zubehoer/motorradteile/fahrwerk
21.02,21,2,Motorradbekleidung,motorrad-und-zubehoer/motorradbekleidung
21.02.01,21.02,3,Helme,motorrad-und-zubehoer/motorradbekleidung/helme
21.02.02,21.02,3,Jacken,motorrad-und-zubehoer/motorradbekleidung/jacken
21.02.03,21.02,3,Hosen,motorrad-und-zubehoer/motorradbekleidung/hosen
21.02.04,21.02,3,Handschuhe,motorrad-und-zubehoer/motorradbekleidung/handschuhe
21.02.05,21.02,3,Stiefel,motorrad-und-zubehoer/motorradbekleidung/stiefel
21.03,21,2,Motorradzubehör,motorrad-und-zubehoer/motorradzubehoer
21.03.01,21.03,3,Gepäck,motorrad-und-zubehoer/motorradzubehoer/gepaeck
21.03.02,21.03,3,Navigation,motorrad-und-zubehoer/motorradzubehoer/navigation
21.03.03,21.03,3,Abdeckungen,motorrad-und-zubehoer/motorradzubehoer/abdeckungen
21.03.04,21.03,3,Ständer,motorrad-und-zubehoer/motorradzubehoer/staender
21.03.05,21.03,3,Schlösser,motorrad-und-zubehoer/motorradzubehoer/schloesser
21.04,21,2,Pflege,motorrad-und-zubehoer/pflege
21.04.01,21.04,3,Reinigung,motorrad-und-zubehoer/pflege/reinigung
21.04.02,21.04,3,Kettenpflege,motorrad-und-zubehoer/pflege/kettenpflege
21.04.03,21.04,3,Öle,motorrad-und-zubehoer/pflege/oele
21.04.04,21.04,3,Werkzeug,motorrad-und-zubehoer/pflege/werkzeug
22,,1,Öle & Flüssigkeiten,oele-und-fluessigkeiten
22.01,22,2,Motoröle,oele-und-fluessigkeiten/motoroele
22.01.01,22.01,3,0W-20,oele-und-fluessigkeiten/motoroele/0w-20
22.01.02,22.01,3,0W-30,oele-und-fluessigkeiten/motoroele/0w-30
22.01.03,22.01,3,5W-30,oele-und-fluessigkeiten/motoroele/5w-30
22.01.04,22.01,3,5W-40,oele-und-fluessigkeiten/motoroele/5w-40
22.01.05,22.01,3,10W-40,oele-und-fluessigkeiten/motoroele/10w-40
22.01.06,22.01,3,Dieselöle,oele-und-fluessigkeiten/motoroele/dieseloele
22.02,22,2,Getriebeöle,oele-und-fluessigkeiten/getriebeoele
22.02.01,22.02,3,ATF,oele-und-fluessigkeiten/getriebeoele/atf
22.02.02,22.02,3,CVT,oele-und-fluessigkeiten/getriebeoele/cvt
22.02.03,22.02,3,DCT,oele-und-fluessigkeiten/getriebeoele/dct
22.02.04,22.02,3,75W-80,oele-und-fluessigkeiten/getriebeoele/75w-80
22.02.05,22.02,3,75W-90,oele-und-fluessigkeiten/getriebeoele/75w-90
22.02.06,22.02,3,80W-90,oele-und-fluessigkeiten/getriebeoele/80w-90
22.03,22,2,Brems- & Hydraulikflüssigkeiten,oele-und-fluessigkeiten/brems-und-hydraulikfluessigkeiten
22.03.01,22.03,3,DOT 3,oele-und-fluessigkeiten/brems-und-hydraulikfluessigkeiten/dot-3
22.03.02,22.03,3,DOT 4,oele-und-fluessigkeiten/brems-und-hydraulikfluessigkeiten/dot-4
22.03.03,22.03,3,DOT 5.1,oele-und-fluessigkeiten/brems-und-hydraulikfluessigkeiten/dot-5-1
22.03.04,22.03,3,Hydrauliköl,oele-und-fluessigkeiten/brems-und-hydraulikfluessigkeiten/hydraulikoel
22.04,22,2,Kühlmittel,oele-und-fluessigkeiten/kuehlmittel
22.04.01,22.04,3,Frostschutz,oele-und-fluessigkeiten/kuehlmittel/frostschutz
22.04.02,22.04,3,Ready-Mix,oele-und-fluessigkeiten/kuehlmittel/ready-mix
22.04.03,22.04,3,Konzentrat,oele-und-fluessigkeiten/kuehlmittel/konzentrat
22.04.04,22.04,3,Kühlerzusätze,oele-und-fluessigkeiten/kuehlmittel/kuehlerzusaetze
22.05,22,2,Additive,oele-und-fluessigkeiten/additive
22.05.01,22.05,3,Kraftstoffadditive,oele-und-fluessigkeiten/additive/kraftstoffadditive
22.05.02,22.05,3,Öladditive,oele-und-fluessigkeiten/additive/oeladditive
22.05.03,22.05,3,Dieseladditive,oele-und-fluessigkeiten/additive/dieseladditive
22.05.04,22.05,3,Kühlmittelzusätze,oele-und-fluessigkeiten/additive/kuehlmittelzusaetze
23,,1,Reifen & Felgen,reifen-und-felgen
23.01,23,2,Sommerreifen,reifen-und-felgen/sommerreifen
23.01.01,23.01,3,PKW,reifen-und-felgen/sommerreifen/pkw
23.01.02,23.01,3,SUV,reifen-und-felgen/sommerreifen/suv
23.01.03,23.01,3,Transporter,reifen-und-felgen/sommerreifen/transporter
23.01.04,23.01,3,Sport,reifen-und-felgen/sommerreifen/sport
23.02,23,2,Winterreifen,reifen-und-felgen/winterreifen
23.02.01,23.02,3,PKW,reifen-und-felgen/winterreifen/pkw
23.02.02,23.02,3,SUV,reifen-und-felgen/winterreifen/suv
23.02.03,23.02,3,Transporter,reifen-und-felgen/winterreifen/transporter
23.02.04,23.02,3,Runflat,reifen-und-felgen/winterreifen/runflat
23.03,23,2,Ganzjahresreifen,reifen-und-felgen/ganzjahresreifen
23.03.01,23.03,3,PKW,reifen-und-felgen/ganzjahresreifen/pkw
23.03.02,23.03,3,SUV,reifen-und-felgen/ganzjahresreifen/suv
23.03.03,23.03,3,Transporter,reifen-und-felgen/ganzjahresreifen/transporter
23.03.04,23.03,3,Runflat,reifen-und-felgen/ganzjahresreifen/runflat
23.04,23,2,Felgen,reifen-und-felgen/felgen
23.04.01,23.04,3,Stahlfelgen,reifen-und-felgen/felgen/stahlfelgen
23.04.02,23.04,3,Alufelgen,reifen-und-felgen/felgen/alufelgen
23.04.03,23.04,3,Leichtmetallfelgen,reifen-und-felgen/felgen/leichtmetallfelgen
23.04.04,23.04,3,Kompletträder,reifen-und-felgen/felgen/komplettraeder
23.05,23,2,Reifenzubehör,reifen-und-felgen/reifenzubehoer
23.05.01,23.05,3,RDKS,reifen-und-felgen/reifenzubehoer/rdks
23.05.02,23.05,3,Schneeketten,reifen-und-felgen/reifenzubehoer/schneeketten
23.05.03,23.05,3,Ventile,reifen-und-felgen/reifenzubehoer/ventile
23.05.04,23.05,3,Reparatur,reifen-und-felgen/reifenzubehoer/reparatur
23.05.05,23.05,3,Reifenpflege,reifen-und-felgen/reifenzubehoer/reifenpflege
24,,1,Bremsen,bremsen
24.01,24,2,Bremsbeläge,bremsen/bremsbelaege
24.01.01,24.01,3,Vorderachse,bremsen/bremsbelaege/vorderachse
24.01.02,24.01,3,Hinterachse,bremsen/bremsbelaege/hinterachse
24.01.03,24.01,3,Sport,bremsen/bremsbelaege/sport
24.01.04,24.01,3,Keramik,bremsen/bremsbelaege/keramik
24.02,24,2,Bremsscheiben,bremsen/bremsscheiben
24.02.01,24.02,3,Voll,bremsen/bremsscheiben/voll
24.02.02,24.02,3,Innenbelüftet,bremsen/bremsscheiben/innenbelueftet
24.02.03,24.02,3,Gelocht,bremsen/bremsscheiben/gelocht
24.02.04,24.02,3,Geschlitzt,bremsen/bremsscheiben/geschlitzt
24.03,24,2,Bremszubehör,bremsen/bremszubehoer
24.03.01,24.03,3,Sensoren,bremsen/bremszubehoer/sensoren
24.03.02,24.03,3,Montagesätze,bremsen/bremszubehoer/montagesaetze
24.03.03,24.03,3,Führungshülsen,bremsen/bremszubehoer/fuehrungshuelsen
24.03.04,24.03,3,Bremsfett,bremsen/bremszubehoer/bremsfett
24.04,24,2,Bremsanlage-Komponenten,bremsen/bremsanlage-komponenten
24.04.01,24.04,3,Sättel,bremsen/bremsanlage-komponenten/saettel
24.04.02,24.04,3,Zylinder,bremsen/bremsanlage-komponenten/zylinder
24.04.03,24.04,3,Leitungen,bremsen/bremsanlage-komponenten/leitungen
24.04.04,24.04,3,Schläuche,bremsen/bremsanlage-komponenten/schlaeuche
24.04.05,24.04,3,ABS,bremsen/bremsanlage-komponenten/abs
25,,1,Batterien,batterien
25.01,25,2,Starterbatterien,batterien/starterbatterien
25.01.01,25.01,3,Blei-Säure,batterien/starterbatterien/blei-saeure
25.01.02,25.01,3,EFB,batterien/starterbatterien/efb
25.01.03,25.01,3,AGM,batterien/starterbatterien/agm
25.01.04,25.01,3,Gel,batterien/starterbatterien/gel
25.02,25,2,Fahrzeugbatterien,batterien/fahrzeugbatterien
25.02.01,25.02,3,PKW,batterien/fahrzeugbatterien/pkw
25.02.02,25.02,3,LKW,batterien/fahrzeugbatterien/lkw
25.02.03,25.02,3,Motorrad,batterien/fahrzeugbatterien/motorrad
25.02.04,25.02,3,Nutzfahrzeug,batterien/fahrzeugbatterien/nutzfahrzeug
25.03,25,2,Batteriezubehör,batterien/batteriezubehoer
25.03.01,25.03,3,Ladegeräte,batterien/batteriezubehoer/ladegeraete
25.03.02,25.03,3,Tester,batterien/batteriezubehoer/tester
25.03.03,25.03,3,Klemmen,batterien/batteriezubehoer/klemmen
25.03.04,25.03,3,Batteriekästen,batterien/batteriezubehoer/batteriekaesten
25.04,25,2,Industriebatterien,batterien/industriebatterien
25.04.01,25.04,3,USV,batterien/industriebatterien/usv
25.04.02,25.04,3,Solar,batterien/industriebatterien/solar
25.04.03,25.04,3,Antrieb,batterien/industriebatterien/antrieb
25.04.04,25.04,3,Telekommunikation,batterien/industriebatterien/telekommunikation
26,,1,Auspuff & Anlage,auspuff-und-anlage
26.01,26,2,Abgaskrümmer,auspuff-und-anlage/abgaskruemmer
26.01.01,26.01,3,Krümmer,auspuff-und-anlage/abgaskruemmer/kruemmer
26.01.02,26.01,3,Dichtungen,auspuff-und-anlage/abgaskruemmer/dichtungen
26.01.03,26.01,3,Montagesätze,auspuff-und-anlage/abgaskruemmer/montagesaetze
26.02,26,2,Katalysatoren,auspuff-und-anlage/katalysatoren
26.02.01,26.02,3,Benzin,auspuff-und-anlage/katalysatoren/benzin
26.02.02,26.02,3,Diesel,auspuff-und-anlage/katalysatoren/diesel
26.02.03,26.02,3,Universal,auspuff-und-anlage/katalysatoren/universal
26.02.04,26.02,3,Montagesätze,auspuff-und-anlage/katalysatoren/montagesaetze
26.03,26,2,DPF,auspuff-und-anlage/dpf
26.03.01,26.03,3,Dieselpartikelfilter,auspuff-und-anlage/dpf/dieselpartikelfilter
26.03.02,26.03,3,Sensoren,auspuff-und-anlage/dpf/sensoren
26.03.03,26.03,3,Reinigungsprodukte,auspuff-und-anlage/dpf/reinigungsprodukte
26.04,26,2,Schalldämpfer,auspuff-und-anlage/schalldaempfer
26.04.01,26.04,3,Mittel,auspuff-und-anlage/schalldaempfer/mittel
26.04.02,26.04,3,End,auspuff-und-anlage/schalldaempfer/end
26.04.03,26.04,3,Sport,auspuff-und-anlage/schalldaempfer/sport
26.04.04,26.04,3,Montagesätze,auspuff-und-anlage/schalldaempfer/montagesaetze
26.05,26,2,Abgassensorik,auspuff-und-anlage/abgassensorik
26.05.01,26.05,3,Lambdasonden,auspuff-und-anlage/abgassensorik/lambdasonden
26.05.02,26.05,3,NOx-Sensoren,auspuff-und-anlage/abgassensorik/nox-sensoren
26.05.03,26.05,3,Temperatursensoren,auspuff-und-anlage/abgassensorik/temperatursensoren
26.05.04,26.05,3,Differenzdruck,auspuff-und-anlage/abgassensorik/differenzdruck
27,,1,Motor & Kühlung,motor-und-kuehlung
27.01,27,2,Motorkomponenten,motor-und-kuehlung/motorkomponenten
27.01.01,27.01,3,Kolben,motor-und-kuehlung/motorkomponenten/kolben
27.01.02,27.01,3,Pleuel,motor-und-kuehlung/motorkomponenten/pleuel
27.01.03,27.01,3,Kurbelwellen,motor-und-kuehlung/motorkomponenten/kurbelwellen
27.01.04,27.01,3,Nockenwellen,motor-und-kuehlung/motorkomponenten/nockenwellen
27.01.05,27.01,3,Lager,motor-und-kuehlung/motorkomponenten/lager
27.02,27,2,Kühlung,motor-und-kuehlung/kuehlung
27.02.01,27.02,3,Wasserpumpen,motor-und-kuehlung/kuehlung/wasserpumpen
27.02.02,27.02,3,Thermostate,motor-und-kuehlung/kuehlung/thermostate
27.02.03,27.02,3,Kühler,motor-und-kuehlung/kuehlung/kuehler
27.02.04,27.02,3,Lüfter,motor-und-kuehlung/kuehlung/luefter
27.02.05,27.02,3,Ausgleichsbehälter,motor-und-kuehlung/kuehlung/ausgleichsbehaelter
27.03,27,2,Turbolader,motor-und-kuehlung/turbolader
27.03.01,27.03,3,Turbolader,motor-und-kuehlung/turbolader/turbolader
27.03.02,27.03,3,Ladeluftkühler,motor-und-kuehlung/turbolader/ladeluftkuehler
27.03.03,27.03,3,Schläuche,motor-und-kuehlung/turbolader/schlaeuche
27.03.04,27.03,3,Aktuatoren,motor-und-kuehlung/turbolader/aktuatoren
27.04,27,2,Motorsteuerung,motor-und-kuehlung/motorsteuerung
27.04.01,27.04,3,Sensoren,motor-und-kuehlung/motorsteuerung/sensoren
27.04.02,27.04,3,Aktuatoren,motor-und-kuehlung/motorsteuerung/aktuatoren
27.04.03,27.04,3,Steuergeräte,motor-und-kuehlung/motorsteuerung/steuergeraete
27.04.04,27.04,3,Zündsystem,motor-und-kuehlung/motorsteuerung/zuendsystem
28,,1,Licht & Elektrik,licht-und-elektrik
28.01,28,2,Fahrzeugbeleuchtung,licht-und-elektrik/fahrzeugbeleuchtung
28.01.01,28.01,3,Scheinwerfer,licht-und-elektrik/fahrzeugbeleuchtung/scheinwerfer
28.01.02,28.01,3,Rückleuchten,licht-und-elektrik/fahrzeugbeleuchtung/rueckleuchten
28.01.03,28.01,3,Nebelleuchten,licht-und-elektrik/fahrzeugbeleuchtung/nebelleuchten
28.01.04,28.01,3,Blinker,licht-und-elektrik/fahrzeugbeleuchtung/blinker
28.02,28,2,LED & Xenon,licht-und-elektrik/led-und-xenon
28.02.01,28.02,3,LED-Scheinwerfer,licht-und-elektrik/led-und-xenon/led-scheinwerfer
28.02.02,28.02,3,LED-Balken,licht-und-elektrik/led-und-xenon/led-balken
28.02.03,28.02,3,Xenon-Brenner,licht-und-elektrik/led-und-xenon/xenon-brenner
28.02.04,28.02,3,Vorschaltgeräte,licht-und-elektrik/led-und-xenon/vorschaltgeraete
28.03,28,2,Elektrik,licht-und-elektrik/elektrik
28.03.01,28.03,3,Kabel,licht-und-elektrik/elektrik/kabel
28.03.02,28.03,3,Relais,licht-und-elektrik/elektrik/relais
28.03.03,28.03,3,Sicherungen,licht-und-elektrik/elektrik/sicherungen
28.03.04,28.03,3,Stecker,licht-und-elektrik/elektrik/stecker
28.03.05,28.03,3,Massebänder,licht-und-elektrik/elektrik/massebaender
28.04,28,2,Sensoren,licht-und-elektrik/sensoren
28.04.01,28.04,3,ABS,licht-und-elektrik/sensoren/abs
28.04.02,28.04,3,Temperatur,licht-und-elektrik/sensoren/temperatur
28.04.03,28.04,3,Druck,licht-und-elektrik/sensoren/druck
28.04.04,28.04,3,Lambda,licht-und-elektrik/sensoren/lambda
28.04.05,28.04,3,Parken,licht-und-elektrik/sensoren/parken
29,,1,Autopflege,autopflege
29.01,29,2,Außenpflege,autopflege/aussenpflege
29.01.01,29.01,3,Shampoo,autopflege/aussenpflege/shampoo
29.01.02,29.01,3,Polituren,autopflege/aussenpflege/polituren
29.01.03,29.01,3,Wachse,autopflege/aussenpflege/wachse
29.01.04,29.01,3,Versiegelungen,autopflege/aussenpflege/versiegelungen
29.01.05,29.01,3,Felgenreiniger,autopflege/aussenpflege/felgenreiniger
29.02,29,2,Innenraumpflege,autopflege/innenraumpflege
29.02.01,29.02,3,Cockpitpflege,autopflege/innenraumpflege/cockpitpflege
29.02.02,29.02,3,Polsterreiniger,autopflege/innenraumpflege/polsterreiniger
29.02.03,29.02,3,Lederpflege,autopflege/innenraumpflege/lederpflege
29.02.04,29.02,3,Kunststoffpflege,autopflege/innenraumpflege/kunststoffpflege
29.03,29,2,Reinigungszubehör,autopflege/reinigungszubehoer
29.03.01,29.03,3,Mikrofasern,autopflege/reinigungszubehoer/mikrofasern
29.03.02,29.03,3,Bürsten,autopflege/reinigungszubehoer/buersten
29.03.03,29.03,3,Schwämme,autopflege/reinigungszubehoer/schwaemme
29.03.04,29.03,3,Eimer,autopflege/reinigungszubehoer/eimer
29.03.05,29.03,3,Trockentücher,autopflege/reinigungszubehoer/trockentuecher
29.04,29,2,Aufbereitung,autopflege/aufbereitung
29.04.01,29.04,3,Poliermaschinen,autopflege/aufbereitung/poliermaschinen
29.04.02,29.04,3,Pads,autopflege/aufbereitung/pads
29.04.03,29.04,3,Schleifmittel,autopflege/aufbereitung/schleifmittel
29.04.04,29.04,3,Lackreinigung,autopflege/aufbereitung/lackreinigung
30,,1,Navi & Zubehör,navi-und-zubehoer
30.01,30,2,Navigation,navi-und-zubehoer/navigation
30.01.01,30.01,3,GPS-Geräte,navi-und-zubehoer/navigation/gps-geraete
30.01.02,30.01,3,Navigationszubehör,navi-und-zubehoer/navigation/navigationszubehoer
30.01.03,30.01,3,Halterungen,navi-und-zubehoer/navigation/halterungen
30.01.04,30.01,3,Antennen,navi-und-zubehoer/navigation/antennen
30.02,30,2,Dashcams,navi-und-zubehoer/dashcams
30.02.01,30.02,3,Front-Dashcams,navi-und-zubehoer/dashcams/front-dashcams
30.02.02,30.02,3,Dual-Dashcams,navi-und-zubehoer/dashcams/dual-dashcams
30.02.03,30.02,3,Innenraumkameras,navi-und-zubehoer/dashcams/innenraumkameras
30.02.04,30.02,3,Speicherkarten,navi-und-zubehoer/dashcams/speicherkarten
30.03,30,2,Multimedia,navi-und-zubehoer/multimedia
30.03.01,30.03,3,Autoradios,navi-und-zubehoer/multimedia/autoradios
30.03.02,30.03,3,CarPlay,navi-und-zubehoer/multimedia/carplay
30.03.03,30.03,3,Android Auto,navi-und-zubehoer/multimedia/android-auto
30.03.04,30.03,3,Monitore,navi-und-zubehoer/multimedia/monitore
30.03.05,30.03,3,Lautsprecher,navi-und-zubehoer/multimedia/lautsprecher
30.04,30,2,Telematik,navi-und-zubehoer/telematik
30.04.01,30.04,3,OBD,navi-und-zubehoer/telematik/obd
30.04.02,30.04,3,GPS-Tracker,navi-und-zubehoer/telematik/gps-tracker
30.04.03,30.04,3,Fahrtenbuch,navi-und-zubehoer/telematik/fahrtenbuch
30.04.04,30.04,3,Diagnoseadapter,navi-und-zubehoer/telematik/diagnoseadapter
31,,1,Lebensmittel & Getränke,lebensmittel-und-getraenke
31.01,31,2,Lebensmittel,lebensmittel-und-getraenke/lebensmittel
31.01.01,31.01,3,Grundnahrungsmittel,lebensmittel-und-getraenke/lebensmittel/grundnahrungsmittel
31.01.02,31.01,3,Konserven,lebensmittel-und-getraenke/lebensmittel/konserven
31.01.03,31.01,3,Süßwaren,lebensmittel-und-getraenke/lebensmittel/suesswaren
31.01.04,31.01,3,Snacks,lebensmittel-und-getraenke/lebensmittel/snacks
31.01.05,31.01,3,Saucen,lebensmittel-und-getraenke/lebensmittel/saucen
31.02,31,2,Getränke,lebensmittel-und-getraenke/getraenke
31.02.01,31.02,3,Wasser,lebensmittel-und-getraenke/getraenke/wasser
31.02.02,31.02,3,Softdrinks,lebensmittel-und-getraenke/getraenke/softdrinks
31.02.03,31.02,3,Säfte,lebensmittel-und-getraenke/getraenke/saefte
31.02.04,31.02,3,Energy,lebensmittel-und-getraenke/getraenke/energy
31.02.05,31.02,3,Alkoholfrei,lebensmittel-und-getraenke/getraenke/alkoholfrei
31.03,31,2,Feinkost,lebensmittel-und-getraenke/feinkost
31.03.01,31.03,3,Öle,lebensmittel-und-getraenke/feinkost/oele
31.03.02,31.03,3,Essig,lebensmittel-und-getraenke/feinkost/essig
31.03.03,31.03,3,Gewürze,lebensmittel-und-getraenke/feinkost/gewuerze
31.03.04,31.03,3,Delikatessen,lebensmittel-und-getraenke/feinkost/delikatessen
31.04,31,2,Großgebinde,lebensmittel-und-getraenke/grossgebinde
31.04.01,31.04,3,Kisten,lebensmittel-und-getraenke/grossgebinde/kisten
31.04.02,31.04,3,Gastro-Gebinde,lebensmittel-und-getraenke/grossgebinde/gastro-gebinde
31.04.03,31.04,3,Paletten,lebensmittel-und-getraenke/grossgebinde/paletten
31.04.04,31.04,3,Mehrweg,lebensmittel-und-getraenke/grossgebinde/mehrweg
32,,1,Wein & Spirituosen,wein-und-spirituosen
32.01,32,2,Wein,wein-und-spirituosen/wein
32.01.01,32.01,3,Rotwein,wein-und-spirituosen/wein/rotwein
32.01.02,32.01,3,Weißwein,wein-und-spirituosen/wein/weisswein
32.01.03,32.01,3,Rosé,wein-und-spirituosen/wein/ros
32.01.04,32.01,3,Schaumwein,wein-und-spirituosen/wein/schaumwein
32.02,32,2,Spirituosen,wein-und-spirituosen/spirituosen
32.02.01,32.02,3,Whisky,wein-und-spirituosen/spirituosen/whisky
32.02.02,32.02,3,Vodka,wein-und-spirituosen/spirituosen/vodka
32.02.03,32.02,3,Rum,wein-und-spirituosen/spirituosen/rum
32.02.04,32.02,3,Gin,wein-und-spirituosen/spirituosen/gin
32.02.05,32.02,3,Likör,wein-und-spirituosen/spirituosen/likoer
32.03,32,2,Bier,wein-und-spirituosen/bier
32.03.01,32.03,3,Pils,wein-und-spirituosen/bier/pils
32.03.02,32.03,3,Helles,wein-und-spirituosen/bier/helles
32.03.03,32.03,3,Weizen,wein-und-spirituosen/bier/weizen
32.03.04,32.03,3,Kellerbier,wein-und-spirituosen/bier/kellerbier
32.03.05,32.03,3,Biermischgetränke,wein-und-spirituosen/bier/biermischgetraenke
32.04,32,2,Zubehör,wein-und-spirituosen/zubehoer
32.04.01,32.04,3,Gläser,wein-und-spirituosen/zubehoer/glaeser
32.04.02,32.04,3,Korkenzieher,wein-und-spirituosen/zubehoer/korkenzieher
32.04.03,32.04,3,Kühlung,wein-und-spirituosen/zubehoer/kuehlung
32.04.04,32.04,3,Geschenksets,wein-und-spirituosen/zubehoer/geschenksets
33,,1,Kaffee & Tee,kaffee-und-tee
33.01,33,2,Kaffee,kaffee-und-tee/kaffee
33.01.01,33.01,3,Bohnen,kaffee-und-tee/kaffee/bohnen
33.01.02,33.01,3,Gemahlen,kaffee-und-tee/kaffee/gemahlen
33.01.03,33.01,3,Kapseln,kaffee-und-tee/kaffee/kapseln
33.01.04,33.01,3,Pads,kaffee-und-tee/kaffee/pads
33.01.05,33.01,3,Instant,kaffee-und-tee/kaffee/instant
33.02,33,2,Tee,kaffee-und-tee/tee
33.02.01,33.02,3,Schwarztee,kaffee-und-tee/tee/schwarztee
33.02.02,33.02,3,Grüntee,kaffee-und-tee/tee/gruentee
33.02.03,33.02,3,Kräutertee,kaffee-und-tee/tee/kraeutertee
33.02.04,33.02,3,Früchtetee,kaffee-und-tee/tee/fruechtetee
33.03,33,2,Barista,kaffee-und-tee/barista
33.03.01,33.03,3,Mühlen,kaffee-und-tee/barista/muehlen
33.03.02,33.03,3,Siebträger,kaffee-und-tee/barista/siebtraeger
33.03.03,33.03,3,Tamper,kaffee-und-tee/barista/tamper
33.03.04,33.03,3,Milchaufschäumer,kaffee-und-tee/barista/milchaufschaeumer
33.04,33,2,Zubehör,kaffee-und-tee/zubehoer
33.04.01,33.04,3,Filter,kaffee-und-tee/zubehoer/filter
33.04.02,33.04,3,Kannen,kaffee-und-tee/zubehoer/kannen
33.04.03,33.04,3,Tassen,kaffee-und-tee/zubehoer/tassen
33.04.04,33.04,3,Aufbewahrung,kaffee-und-tee/zubehoer/aufbewahrung
34,,1,Gesundheit & Vitamine,gesundheit-und-vitamine
34.01,34,2,Vitamine,gesundheit-und-vitamine/vitamine
34.01.01,34.01,3,Vitamin A,gesundheit-und-vitamine/vitamine/vitamin-a
34.01.02,34.01,3,B-Vitamine,gesundheit-und-vitamine/vitamine/b-vitamine
34.01.03,34.01,3,Vitamin C,gesundheit-und-vitamine/vitamine/vitamin-c
34.01.04,34.01,3,Vitamin D,gesundheit-und-vitamine/vitamine/vitamin-d
34.01.05,34.01,3,Vitamin E,gesundheit-und-vitamine/vitamine/vitamin-e
34.02,34,2,Mineralien,gesundheit-und-vitamine/mineralien
34.02.01,34.02,3,Magnesium,gesundheit-und-vitamine/mineralien/magnesium
34.02.02,34.02,3,Zink,gesundheit-und-vitamine/mineralien/zink
34.02.03,34.02,3,Calcium,gesundheit-und-vitamine/mineralien/calcium
34.02.04,34.02,3,Eisen,gesundheit-und-vitamine/mineralien/eisen
34.03,34,2,Sporternährung,gesundheit-und-vitamine/sporternaehrung
34.03.01,34.03,3,Protein,gesundheit-und-vitamine/sporternaehrung/protein
34.03.02,34.03,3,Elektrolyte,gesundheit-und-vitamine/sporternaehrung/elektrolyte
34.03.03,34.03,3,Riegel,gesundheit-und-vitamine/sporternaehrung/riegel
34.03.04,34.03,3,Shakes,gesundheit-und-vitamine/sporternaehrung/shakes
34.04,34,2,Gesundheitsbedarf,gesundheit-und-vitamine/gesundheitsbedarf
34.04.01,34.04,3,Wärmeprodukte,gesundheit-und-vitamine/gesundheitsbedarf/waermeprodukte
34.04.02,34.04,3,Erste Hilfe,gesundheit-und-vitamine/gesundheitsbedarf/erste-hilfe
34.04.03,34.04,3,Pflegebedarf,gesundheit-und-vitamine/gesundheitsbedarf/pflegebedarf
34.04.04,34.04,3,Messgeräte,gesundheit-und-vitamine/gesundheitsbedarf/messgeraete
35,,1,Haushalt & Hygiene,haushalt-und-hygiene
35.01,35,2,Papier & Hygiene,haushalt-und-hygiene/papier-und-hygiene
35.01.01,35.01,3,Toilettenpapier,haushalt-und-hygiene/papier-und-hygiene/toilettenpapier
35.01.02,35.01,3,Küchenrollen,haushalt-und-hygiene/papier-und-hygiene/kuechenrollen
35.01.03,35.01,3,Taschentücher,haushalt-und-hygiene/papier-und-hygiene/taschentuecher
35.01.04,35.01,3,Feuchttücher,haushalt-und-hygiene/papier-und-hygiene/feuchttuecher
35.02,35,2,Waschen,haushalt-und-hygiene/waschen
35.02.01,35.02,3,Waschmittel,haushalt-und-hygiene/waschen/waschmittel
35.02.02,35.02,3,Weichspüler,haushalt-und-hygiene/waschen/weichspueler
35.02.03,35.02,3,Fleckentferner,haushalt-und-hygiene/waschen/fleckentferner
35.03,35,2,Haushaltschemie,haushalt-und-hygiene/haushaltschemie
35.03.01,35.03,3,Reiniger,haushalt-und-hygiene/haushaltschemie/reiniger
35.03.02,35.03,3,Desinfektion,haushalt-und-hygiene/haushaltschemie/desinfektion
35.03.03,35.03,3,Spülmittel,haushalt-und-hygiene/haushaltschemie/spuelmittel
35.04,35,2,Einweg & Verbrauch,haushalt-und-hygiene/einweg-und-verbrauch
35.04.01,35.04,3,Müllbeutel,haushalt-und-hygiene/einweg-und-verbrauch/muellbeutel
35.04.02,35.04,3,Handschuhe,haushalt-und-hygiene/einweg-und-verbrauch/handschuhe
35.04.03,35.04,3,Folien,haushalt-und-hygiene/einweg-und-verbrauch/folien
35.04.04,35.04,3,Backpapier,haushalt-und-hygiene/einweg-und-verbrauch/backpapier
36,,1,Heizen & Klima,heizen-und-klima
36.01,36,2,Heizen,heizen-und-klima/heizen
36.01.01,36.01,3,Heizlüfter,heizen-und-klima/heizen/heizluefter
36.01.02,36.01,3,Infrarot,heizen-und-klima/heizen/infrarot
36.01.03,36.01,3,Radiatoren,heizen-und-klima/heizen/radiatoren
36.01.04,36.01,3,Heizkörper,heizen-und-klima/heizen/heizkoerper
36.02,36,2,Klimatisierung,heizen-und-klima/klimatisierung
36.02.01,36.02,3,Mobile Klimageräte,heizen-und-klima/klimatisierung/mobile-klimageraete
36.02.02,36.02,3,Ventilatoren,heizen-und-klima/klimatisierung/ventilatoren
36.02.03,36.02,3,Luftkühler,heizen-und-klima/klimatisierung/luftkuehler
36.03,36,2,Luftqualität,heizen-und-klima/luftqualitaet
36.03.01,36.03,3,Luftreiniger,heizen-und-klima/luftqualitaet/luftreiniger
36.03.02,36.03,3,Luftentfeuchter,heizen-und-klima/luftqualitaet/luftentfeuchter
36.03.03,36.03,3,Luftbefeuchter,heizen-und-klima/luftqualitaet/luftbefeuchter
36.04,36,2,Thermostate,heizen-und-klima/thermostate
36.04.01,36.04,3,Heizkörperthermostate,heizen-und-klima/thermostate/heizkoerperthermostate
36.04.02,36.04,3,Smart Thermostate,heizen-und-klima/thermostate/smart-thermostate
36.04.03,36.04,3,Regler,heizen-und-klima/thermostate/regler
36.04.04,36.04,3,Sensoren,heizen-und-klima/thermostate/sensoren
37,,1,Sicherheit & Überwachung,sicherheit-und-ueberwachung
37.01,37,2,Überwachung,sicherheit-und-ueberwachung/ueberwachung
37.01.01,37.01,3,IP-Kameras,sicherheit-und-ueberwachung/ueberwachung/ip-kameras
37.01.02,37.01,3,Dome-Kameras,sicherheit-und-ueberwachung/ueberwachung/dome-kameras
37.01.03,37.01,3,Türkameras,sicherheit-und-ueberwachung/ueberwachung/tuerkameras
37.01.04,37.01,3,NVR,sicherheit-und-ueberwachung/ueberwachung/nvr
37.02,37,2,Alarmanlagen,sicherheit-und-ueberwachung/alarmanlagen
37.02.01,37.02,3,Einbruchmelder,sicherheit-und-ueberwachung/alarmanlagen/einbruchmelder
37.02.02,37.02,3,Sirenen,sicherheit-und-ueberwachung/alarmanlagen/sirenen
37.02.03,37.02,3,Sensoren,sicherheit-und-ueberwachung/alarmanlagen/sensoren
37.02.04,37.02,3,Alarmsysteme,sicherheit-und-ueberwachung/alarmanlagen/alarmsysteme
37.03,37,2,Zutritt,sicherheit-und-ueberwachung/zutritt
37.03.01,37.03,3,Türschlösser,sicherheit-und-ueberwachung/zutritt/tuerschloesser
37.03.02,37.03,3,Smart Locks,sicherheit-und-ueberwachung/zutritt/smart-locks
37.03.03,37.03,3,Intercom,sicherheit-und-ueberwachung/zutritt/intercom
37.03.04,37.03,3,Codeschlösser,sicherheit-und-ueberwachung/zutritt/codeschloesser
37.04,37,2,Brandschutz,sicherheit-und-ueberwachung/brandschutz
37.04.01,37.04,3,Rauchmelder,sicherheit-und-ueberwachung/brandschutz/rauchmelder
37.04.02,37.04,3,CO-Melder,sicherheit-und-ueberwachung/brandschutz/co-melder
37.04.03,37.04,3,Feuerlöscher,sicherheit-und-ueberwachung/brandschutz/feuerloescher
37.04.04,37.04,3,Warnmelder,sicherheit-und-ueberwachung/brandschutz/warnmelder
38,,1,Reisen & Gepäck,reisen-und-gepaeck
38.01,38,2,Koffer,reisen-und-gepaeck/koffer
38.01.01,38.01,3,Hartschalenkoffer,reisen-und-gepaeck/koffer/hartschalenkoffer
38.01.02,38.01,3,Weichgepäck,reisen-und-gepaeck/koffer/weichgepaeck
38.01.03,38.01,3,Kabinenkoffer,reisen-und-gepaeck/koffer/kabinenkoffer
38.01.04,38.01,3,Reisekoffer,reisen-und-gepaeck/koffer/reisekoffer
38.02,38,2,Taschen,reisen-und-gepaeck/taschen
38.02.01,38.02,3,Rucksäcke,reisen-und-gepaeck/taschen/rucksaecke
38.02.02,38.02,3,Reisetaschen,reisen-und-gepaeck/taschen/reisetaschen
38.02.03,38.02,3,Umhängetaschen,reisen-und-gepaeck/taschen/umhaengetaschen
38.02.04,38.02,3,Kulturbeutel,reisen-und-gepaeck/taschen/kulturbeutel
38.03,38,2,Reisezubehör,reisen-und-gepaeck/reisezubehoer
38.03.01,38.03,3,Adapter,reisen-und-gepaeck/reisezubehoer/adapter
38.03.02,38.03,3,Nackenkissen,reisen-und-gepaeck/reisezubehoer/nackenkissen
38.03.03,38.03,3,Waagen,reisen-und-gepaeck/reisezubehoer/waagen
38.03.04,38.03,3,Organizer,reisen-und-gepaeck/reisezubehoer/organizer
38.04,38,2,Camping-Reise,reisen-und-gepaeck/camping-reise
38.04.01,38.04,3,Zelte,reisen-und-gepaeck/camping-reise/zelte
38.04.02,38.04,3,Schlafsysteme,reisen-und-gepaeck/camping-reise/schlafsysteme
38.04.03,38.04,3,Kocher,reisen-und-gepaeck/camping-reise/kocher
38.04.04,38.04,3,Outdoor-Zubehör,reisen-und-gepaeck/camping-reise/outdoor-zubehoer
39,,1,Geschenke & Anlässe,geschenke-und-anlaesse
39.01,39,2,Geburtstag,geschenke-und-anlaesse/geburtstag
39.01.01,39.01,3,Geschenke,geschenke-und-anlaesse/geburtstag/geschenke
39.01.02,39.01,3,Dekoration,geschenke-und-anlaesse/geburtstag/dekoration
39.01.03,39.01,3,Ballons,geschenke-und-anlaesse/geburtstag/ballons
39.01.04,39.01,3,Partybedarf,geschenke-und-anlaesse/geburtstag/partybedarf
39.02,39,2,Hochzeit,geschenke-und-anlaesse/hochzeit
39.02.01,39.02,3,Deko,geschenke-und-anlaesse/hochzeit/deko
39.02.02,39.02,3,Gastgeschenke,geschenke-und-anlaesse/hochzeit/gastgeschenke
39.02.03,39.02,3,Papeterie,geschenke-und-anlaesse/hochzeit/papeterie
39.02.04,39.02,3,Ballons,geschenke-und-anlaesse/hochzeit/ballons
39.03,39,2,Weihnachten,geschenke-und-anlaesse/weihnachten
39.03.01,39.03,3,Dekoration,geschenke-und-anlaesse/weihnachten/dekoration
39.03.02,39.03,3,Geschenke,geschenke-und-anlaesse/weihnachten/geschenke
39.03.03,39.03,3,Beleuchtung,geschenke-und-anlaesse/weihnachten/beleuchtung
39.03.04,39.03,3,Advent,geschenke-und-anlaesse/weihnachten/advent
39.04,39,2,Einschulung,geschenke-und-anlaesse/einschulung
39.04.01,39.04,3,Schultüten,geschenke-und-anlaesse/einschulung/schultueten
39.04.02,39.04,3,Schulanfang-Deko,geschenke-und-anlaesse/einschulung/schulanfang-deko
39.04.03,39.04,3,Geschenksets,geschenke-und-anlaesse/einschulung/geschenksets
39.04.04,39.04,3,Ballons,geschenke-und-anlaesse/einschulung/ballons
40,,1,Weitere Kategorien,weitere-kategorien
40.01,40,2,Neu & Trends,weitere-kategorien/neu-und-trends
40.01.01,40.01,3,Neue Produkte,weitere-kategorien/neu-und-trends/neue-produkte
40.01.02,40.01,3,Innovationen,weitere-kategorien/neu-und-trends/innovationen
40.01.03,40.01,3,Saisonprodukte,weitere-kategorien/neu-und-trends/saisonprodukte
40.01.04,40.01,3,Bestseller,weitere-kategorien/neu-und-trends/bestseller
40.02,40,2,Restposten,weitere-kategorien/restposten
40.02.01,40.02,3,Abverkauf,weitere-kategorien/restposten/abverkauf
40.02.02,40.02,3,Überbestände,weitere-kategorien/restposten/ueberbestaende
40.02.03,40.02,3,Retourenware,weitere-kategorien/restposten/retourenware
40.02.04,40.02,3,Sonderposten,weitere-kategorien/restposten/sonderposten
40.03,40,2,Individuelle Kategorien,weitere-kategorien/individuelle-kategorien
40.03.01,40.03,3,Kundenwünsche,weitere-kategorien/individuelle-kategorien/kundenwuensche
40.03.02,40.03,3,Sonderprojekte,weitere-kategorien/individuelle-kategorien/sonderprojekte
40.03.03,40.03,3,Neue Märkte,weitere-kategorien/individuelle-kategorien/neue-maerkte
41,,1,Industrie & CNC,industrie-und-cnc
41.01,41,2,CNC-Werkzeuge,industrie-und-cnc/cnc-werkzeuge
41.01.01,41.01,3,Fräser,industrie-und-cnc/cnc-werkzeuge/fraeser
41.01.02,41.01,3,Bohrer,industrie-und-cnc/cnc-werkzeuge/bohrer
41.01.03,41.01,3,Wendeschneidplatten,industrie-und-cnc/cnc-werkzeuge/wendeschneidplatten
41.01.04,41.01,3,Gewindewerkzeuge,industrie-und-cnc/cnc-werkzeuge/gewindewerkzeuge
41.02,41,2,CNC-Zubehör,industrie-und-cnc/cnc-zubehoer
41.02.01,41.02,3,Spanntechnik,industrie-und-cnc/cnc-zubehoer/spanntechnik
41.02.02,41.02,3,Werkzeughalter,industrie-und-cnc/cnc-zubehoer/werkzeughalter
41.02.03,41.02,3,Kühlmittel,industrie-und-cnc/cnc-zubehoer/kuehlmittel
41.02.04,41.02,3,Messtechnik,industrie-und-cnc/cnc-zubehoer/messtechnik
41.03,41,2,Zerspanung,industrie-und-cnc/zerspanung
41.03.01,41.03,3,Drehen,industrie-und-cnc/zerspanung/drehen
41.03.02,41.03,3,Fräsen,industrie-und-cnc/zerspanung/fraesen
41.03.03,41.03,3,Bohren,industrie-und-cnc/zerspanung/bohren
41.03.04,41.03,3,Schleifen,industrie-und-cnc/zerspanung/schleifen
41.04,41,2,Industriebedarf,industrie-und-cnc/industriebedarf
41.04.01,41.04,3,Schläuche,industrie-und-cnc/industriebedarf/schlaeuche
41.04.02,41.04,3,Dichtungen,industrie-und-cnc/industriebedarf/dichtungen
41.04.03,41.04,3,Lager,industrie-und-cnc/industriebedarf/lager
41.04.04,41.04,3,Antriebstechnik,industrie-und-cnc/industriebedarf/antriebstechnik
41.04.05,41.04,3,Betriebsmittel,industrie-und-cnc/industriebedarf/betriebsmittel
41.05,41,2,Automation,industrie-und-cnc/automation
41.05.01,41.05,3,Sensorik,industrie-und-cnc/automation/sensorik
41.05.02,41.05,3,Aktoren,industrie-und-cnc/automation/aktoren
41.05.03,41.05,3,Steuerungen,industrie-und-cnc/automation/steuerungen
41.05.04,41.05,3,Pneumatik,industrie-und-cnc/automation/pneumatik
41.05.05,41.05,3,Robotik,industrie-und-cnc/automation/robotik
42,,1,Baumaschinen & Ersatzteile,baumaschinen-und-ersatzteile
42.01,42,2,Baumaschinen,baumaschinen-und-ersatzteile/baumaschinen
42.01.01,42.01,3,Minibagger,baumaschinen-und-ersatzteile/baumaschinen/minibagger
42.01.02,42.01,3,Bagger,baumaschinen-und-ersatzteile/baumaschinen/bagger
42.01.03,42.01,3,Radlader,baumaschinen-und-ersatzteile/baumaschinen/radlader
42.01.04,42.01,3,Raupen,baumaschinen-und-ersatzteile/baumaschinen/raupen
42.01.05,42.01,3,Dumper,baumaschinen-und-ersatzteile/baumaschinen/dumper
42.02,42,2,Ersatzteile,baumaschinen-und-ersatzteile/ersatzteile
42.02.01,42.02,3,Motor,baumaschinen-und-ersatzteile/ersatzteile/motor
42.02.02,42.02,3,Hydraulik,baumaschinen-und-ersatzteile/ersatzteile/hydraulik
42.02.03,42.02,3,Fahrwerk,baumaschinen-und-ersatzteile/ersatzteile/fahrwerk
42.02.04,42.02,3,Elektrik,baumaschinen-und-ersatzteile/ersatzteile/elektrik
42.02.05,42.02,3,Filter,baumaschinen-und-ersatzteile/ersatzteile/filter
42.03,42,2,Anbaugeräte,baumaschinen-und-ersatzteile/anbaugeraete
42.03.01,42.03,3,Schaufeln,baumaschinen-und-ersatzteile/anbaugeraete/schaufeln
42.03.02,42.03,3,Greifer,baumaschinen-und-ersatzteile/anbaugeraete/greifer
42.03.03,42.03,3,Hydraulikhämmer,baumaschinen-und-ersatzteile/anbaugeraete/hydraulikhaemmer
42.03.04,42.03,3,Fräsen,baumaschinen-und-ersatzteile/anbaugeraete/fraesen
42.03.05,42.03,3,Bohrer,baumaschinen-und-ersatzteile/anbaugeraete/bohrer
42.04,42,2,Verschleißteile,baumaschinen-und-ersatzteile/verschleissteile
42.04.01,42.04,3,Zähne,baumaschinen-und-ersatzteile/verschleissteile/zaehne
42.04.02,42.04,3,Ketten,baumaschinen-und-ersatzteile/verschleissteile/ketten
42.04.03,42.04,3,Laufrollen,baumaschinen-und-ersatzteile/verschleissteile/laufrollen
42.04.04,42.04,3,Gummiketten,baumaschinen-und-ersatzteile/verschleissteile/gummiketten
42.04.05,42.04,3,Messer,baumaschinen-und-ersatzteile/verschleissteile/messer
42.05,42,2,Baustellenbedarf,baumaschinen-und-ersatzteile/baustellenbedarf
42.05.01,42.05,3,Absperrung,baumaschinen-und-ersatzteile/baustellenbedarf/absperrung
42.05.02,42.05,3,Beleuchtung,baumaschinen-und-ersatzteile/baustellenbedarf/beleuchtung
42.05.03,42.05,3,Stromversorgung,baumaschinen-und-ersatzteile/baustellenbedarf/stromversorgung
42.05.04,42.05,3,Sicherheit,baumaschinen-und-ersatzteile/baustellenbedarf/sicherheit
43,,1,Landwirtschaft & Agrartechnik,landwirtschaft-und-agrartechnik
43.01,43,2,Traktoren,landwirtschaft-und-agrartechnik/traktoren
43.01.01,43.01,3,Kompakttraktoren,landwirtschaft-und-agrartechnik/traktoren/kompakttraktoren
43.01.02,43.01,3,Schlepper,landwirtschaft-und-agrartechnik/traktoren/schlepper
43.01.03,43.01,3,Allradtraktoren,landwirtschaft-und-agrartechnik/traktoren/allradtraktoren
43.01.04,43.01,3,Kommunaltraktoren,landwirtschaft-und-agrartechnik/traktoren/kommunaltraktoren
43.02,43,2,Mähdrescher,landwirtschaft-und-agrartechnik/maehdrescher
43.02.01,43.02,3,Erntetechnik,landwirtschaft-und-agrartechnik/maehdrescher/erntetechnik
43.02.02,43.02,3,Schneidwerke,landwirtschaft-und-agrartechnik/maehdrescher/schneidwerke
43.02.03,43.02,3,Dreschwerk,landwirtschaft-und-agrartechnik/maehdrescher/dreschwerk
43.02.04,43.02,3,Reinigung,landwirtschaft-und-agrartechnik/maehdrescher/reinigung
43.02.05,43.02,3,Ersatzteile,landwirtschaft-und-agrartechnik/maehdrescher/ersatzteile
43.03,43,2,Landmaschinen,landwirtschaft-und-agrartechnik/landmaschinen
43.03.01,43.03,3,Bodenbearbeitung,landwirtschaft-und-agrartechnik/landmaschinen/bodenbearbeitung
43.03.02,43.03,3,Saattechnik,landwirtschaft-und-agrartechnik/landmaschinen/saattechnik
43.03.03,43.03,3,Düngung,landwirtschaft-und-agrartechnik/landmaschinen/duengung
43.03.04,43.03,3,Pflanzenschutz,landwirtschaft-und-agrartechnik/landmaschinen/pflanzenschutz
43.03.05,43.03,3,Erntetechnik,landwirtschaft-und-agrartechnik/landmaschinen/erntetechnik
43.04,43,2,Anhänger & Transport,landwirtschaft-und-agrartechnik/anhaenger-und-transport
43.04.01,43.04,3,Kipper,landwirtschaft-und-agrartechnik/anhaenger-und-transport/kipper
43.04.02,43.04,3,Ballentransport,landwirtschaft-und-agrartechnik/anhaenger-und-transport/ballentransport
43.04.03,43.04,3,Ladewagen,landwirtschaft-und-agrartechnik/anhaenger-und-transport/ladewagen
43.04.04,43.04,3,Tieflader,landwirtschaft-und-agrartechnik/anhaenger-und-transport/tieflader
43.05,43,2,Agrar-Ersatzteile,landwirtschaft-und-agrartechnik/agrar-ersatzteile
43.05.01,43.05,3,Motor,landwirtschaft-und-agrartechnik/agrar-ersatzteile/motor
43.05.02,43.05,3,Hydraulik,landwirtschaft-und-agrartechnik/agrar-ersatzteile/hydraulik
43.05.03,43.05,3,Filter,landwirtschaft-und-agrartechnik/agrar-ersatzteile/filter
43.05.04,43.05,3,Elektrik,landwirtschaft-und-agrartechnik/agrar-ersatzteile/elektrik
43.05.05,43.05,3,Verschleißteile,landwirtschaft-und-agrartechnik/agrar-ersatzteile/verschleissteile
43.06,43,2,Agrarreifen,landwirtschaft-und-agrartechnik/agrarreifen
43.06.01,43.06,3,Traktorreifen,landwirtschaft-und-agrartechnik/agrarreifen/traktorreifen
43.06.02,43.06,3,Implementreifen,landwirtschaft-und-agrartechnik/agrarreifen/implementreifen
43.06.03,43.06,3,Mähdrescherreifen,landwirtschaft-und-agrartechnik/agrarreifen/maehdrescherreifen
43.06.04,43.06,3,Forstreifen,landwirtschaft-und-agrartechnik/agrarreifen/forstreifen
43.07,43,2,Hydraulik,landwirtschaft-und-agrartechnik/hydraulik
43.07.01,43.07,3,Pumpen,landwirtschaft-und-agrartechnik/hydraulik/pumpen
43.07.02,43.07,3,Ventile,landwirtschaft-und-agrartechnik/hydraulik/ventile
43.07.03,43.07,3,Zylinder,landwirtschaft-und-agrartechnik/hydraulik/zylinder
43.07.04,43.07,3,Schläuche,landwirtschaft-und-agrartechnik/hydraulik/schlaeuche
43.07.05,43.07,3,Kupplungen,landwirtschaft-und-agrartechnik/hydraulik/kupplungen
43.08,43,2,Anbaugeräte,landwirtschaft-und-agrartechnik/anbaugeraete
43.08.01,43.08,3,Frontlader,landwirtschaft-und-agrartechnik/anbaugeraete/frontlader
43.08.02,43.08,3,Mähwerke,landwirtschaft-und-agrartechnik/anbaugeraete/maehwerke
43.08.03,43.08,3,Mulcher,landwirtschaft-und-agrartechnik/anbaugeraete/mulcher
43.08.04,43.08,3,Pflüge,landwirtschaft-und-agrartechnik/anbaugeraete/pfluege
43.08.05,43.08,3,Grubber,landwirtschaft-und-agrartechnik/anbaugeraete/grubber
43.08.06,43.08,3,Sämaschinen,landwirtschaft-und-agrartechnik/anbaugeraete/saemaschinen
43.09,43,2,Bewässerung & Gewächshaus,landwirtschaft-und-agrartechnik/bewaesserung-und-gewaechshaus
43.09.01,43.09,3,Pumpen,landwirtschaft-und-agrartechnik/bewaesserung-und-gewaechshaus/pumpen
43.09.02,43.09,3,Tropfbewässerung,landwirtschaft-und-agrartechnik/bewaesserung-und-gewaechshaus/tropfbewaesserung
43.09.03,43.09,3,Regner,landwirtschaft-und-agrartechnik/bewaesserung-und-gewaechshaus/regner
43.09.04,43.09,3,Gewächshaus,landwirtschaft-und-agrartechnik/bewaesserung-und-gewaechshaus/gewaechshaus
43.09.05,43.09,3,Folien,landwirtschaft-und-agrartechnik/bewaesserung-und-gewaechshaus/folien
